;area;room;bath;garage;price;ext_area;property;zone
0;30;0;1;1;1400;30;commercial;midtown
1;30;3;4;1;16000;230;residential;east
2;230;0;1;0;6950;80;commercial;north
3;230;3;5;2;9950;300;residential;midtown
4;80;0;5;1;100;350;commercial;midtown
5;80;3;2;2;3300;182;residential;south
6;300;0;1;0;1400;52;commercial;midtown
7;300;0;2;5;1770;20;commercial;midtown
8;350;1;1;1;600;100;residential;midtown
9;350;0;1;1;2200;48;commercial;midtown
10;182;0;1;1;3800;45;commercial;midtown
11;182;1;1;1;1880;80;residential;midtown
12;52;1;1;1;3890;54;residential;midtown
13;52;1;2;1;3298;50;residential;midtown
14;20;1;1;0;1200;20;residential;midtown
15;20;0;1;0;1800;70;commercial;midtown
16;100;3;4;3;8800;350;residential;midtown
17;100;0;3;6;6500;700;commercial;continental
18;48;0;1;0;999;8;commercial;midtown
19;48;4;3;3;45000;100;residential;north
20;45;3;2;3;21000;195;residential;north
21;45;4;5;3;23000;600;residential;north
22;80;3;2;1;2650;90;residential;midtown
23;80;1;1;0;2800;50;residential;midtown
24;54;3;4;2;5014;100;residential;continental
25;54;3;1;2;2354;78;residential;continental
26;50;2;2;2;6600;100;residential;north
27;50;1;1;1;1250;44;residential;continental
28;20;2;3;2;4200;130;residential;midtown
29;20;4;4;4;36000;215;residential;north
30;70;3;2;1;6200;147;residential;midtown
31;70;3;2;1;2500;72;residential;south
32;350;5;5;2;114000;180;residential;north
33;350;3;2;0;3500;80;residential;south
34;700;2;1;1;12000;70;residential;north
35;700;2;2;1;22500;75;residential;north
36;100;2;2;2;6600;100;residential;north
37;100;2;1;1;1600;78;residential;midtown
38;78;1;1;0;990;20;residential;midtown
39;78;2;2;1;1700;80;residential;north
40;20;3;3;1;2200;114;residential;midtown
41;20;1;1;1;11400;48;residential;north
42;80;3;3;2;10000;166;residential;north
43;80;3;2;2;25500;120;residential;north
44;114;1;1;1;1850;45;residential;midtown
45;114;3;3;2;3700;91;residential;midtown
46;48;3;2;1;2950;88;residential;midtown
47;48;2;1;2;2800;70;residential;south
48;166;4;3;2;9500;266;residential;north
49;166;1;1;1;10500;48;residential;north
50;120;1;1;1;2500;30;residential;midtown
51;120;2;1;0;1700;83;residential;midtown
52;45;3;2;1;21000;130;residential;north
53;45;5;6;0;135000;400;residential;north
54;91;4;5;2;75000;330;residential;north
55;91;4;2;3;6000;240;residential;south
56;88;2;3;2;8000;81;residential;midtown
57;88;4;4;4;54000;250;residential;north
58;70;2;2;1;13500;75;residential;north
59;70;0;1;1;1350;45;commercial;continental
60;266;0;0;0;23870;217;commercial;midtown
61;266;3;3;2;3740;106;residential;continental
62;48;0;1;1;1200;45;commercial;midtown
63;48;4;5;8;12000;450;residential;midtown
64;30;2;1;3;1750;70;residential;south
65;30;3;3;2;4300;205;residential;north
66;83;1;1;1;2000;61;residential;midtown
67;83;1;1;1;11400;48;residential;north
68;130;2;1;1;1700;80;residential;north
69;130;1;1;1;10500;67;residential;north
70;400;3;3;2;7000;407;residential;south
71;400;2;3;2;3000;100;residential;north
72;219;4;4;2;3950;219;residential;midtown
73;219;2;3;4;8000;200;residential;south
74;200;0;1;2;4000;0;commercial;midtown
75;200;4;2;3;6000;130;residential;south
76;0;3;1;1;1750;75;residential;midtown
77;0;4;5;4;15000;600;residential;midtown
78;130;1;3;0;7000;166;residential;midtown
79;130;3;4;2;8000;396;residential;continental
80;75;1;1;1;13500;46;residential;north
81;75;2;1;1;1600;82;residential;midtown
82;600;2;2;2;8000;146;residential;midtown
83;600;3;1;1;2500;85;residential;midtown
84;166;6;4;4;12000;400;residential;midtown
85;166;2;1;1;1400;52;residential;midtown
86;396;0;0;0;3000;86;commercial;midtown
87;396;2;2;0;2800;90;residential;east
88;46;2;2;1;1600;58;residential;north
89;46;0;1;1;1200;30;commercial;midtown
90;82;2;1;1;2300;67;residential;midtown
91;82;2;2;1;15000;90;residential;north
92;146;4;2;1;2850;100;residential;midtown
93;146;0;1;1;1450;32;commercial;midtown
94;85;2;3;1;1650;79;residential;north
95;85;3;3;5;37500;250;residential;north
96;400;3;1;1;1570;80;residential;midtown
97;400;5;4;5;39000;334;residential;south
98;52;2;2;1;12000;72;residential;north
99;52;2;1;1;2600;72;residential;midtown
100;86;3;2;1;6200;144;residential;midtown
101;86;2;2;1;19500;85;residential;north
102;90;2;2;1;2200;81;residential;midtown
103;90;0;1;0;1150;52;commercial;midtown
104;58;2;1;1;1850;79;residential;continental
105;58;2;3;1;8124;76;residential;midtown
106;30;2;3;1;6643;81;residential;midtown
107;30;1;1;1;1250;40;residential;midtown
108;284;4;2;1;5900;284;residential;south
109;284;4;4;3;4500;220;residential;east
110;220;2;1;0;1200;43;residential;continental
111;220;3;1;1;1800;69;residential;midtown
112;43;4;3;2;82500;214;residential;north
113;43;2;2;1;2900;70;residential;south
114;69;1;1;0;990;20;residential;midtown
115;69;4;5;4;210000;350;residential;north
116;214;1;1;0;950;35;residential;midtown
117;214;3;2;2;2200;87;residential;midtown
118;70;1;1;0;1300;57;residential;midtown
119;70;2;1;1;1680;75;residential;midtown
120;20;6;8;2;450000;480;residential;north
121;20;4;2;3;6000;130;residential;south
122;350;2;3;1;2600;79;residential;midtown
123;350;0;1;0;3500;70;commercial;east
124;35;3;2;1;1800;92;residential;midtown
125;35;2;1;1;1300;60;residential;north
126;87;1;2;0;5000;123;residential;midtown
127;87;0;1;0;2000;25;commercial;north
128;57;1;1;0;6900;35;residential;north
129;57;7;3;4;36000;130;residential;north
130;75;3;4;2;11000;396;residential;continental
131;75;4;5;9;30000;600;residential;north
132;480;0;1;0;1300;27;commercial;east
133;480;3;3;2;3740;106;residential;continental
134;130;4;4;2;8000;153;residential;midtown
135;130;0;4;5;8900;449;commercial;midtown
136;79;3;3;3;8391;239;residential;continental
137;79;2;3;2;7082;70;residential;midtown
138;70;2;1;1;1850;79;residential;continental
139;70;2;1;2;1800;49;residential;continental
140;92;3;3;3;36000;100;residential;north
141;92;2;2;1;19500;85;residential;north
142;60;3;1;2;2354;78;residential;continental
143;60;5;4;2;60000;280;residential;north
144;49;2;1;2;1800;49;residential;continental
145;49;0;1;0;800;26;commercial;midtown
146;26;0;1;0;3500;70;commercial;east
147;26;2;2;1;19500;85;residential;north
148;70;1;2;0;5000;123;residential;midtown
149;70;3;1;2;2354;78;residential;continental
150;85;5;4;2;60000;280;residential;north
151;85;5;7;2;16000;323;residential;north
152;123;0;1;0;1100;52;commercial;midtown
153;123;0;2;1;5750;250;commercial;north
154;78;3;2;1;2500;83;residential;midtown
155;78;1;1;1;2100;31;residential;midtown
156;280;5;5;2;74970;320;residential;north
157;280;2;2;1;1700;59;residential;south
158;323;3;2;0;16500;200;residential;south
159;323;2;1;0;3800;60;residential;south
160;52;0;1;0;2000;44;commercial;east
161;52;0;0;1;1150;34;commercial;midtown
162;250;3;2;2;36000;115;residential;north
163;250;2;1;1;9600;70;residential;north
164;83;1;1;1;9900;50;residential;north
165;83;3;3;2;42000;145;residential;north
166;31;1;1;2;1980;70;residential;south
167;31;7;7;2;15000;350;residential;east
168;320;9;1;0;55000;720;residential;east
169;320;0;4;1;28500;800;commercial;midtown
170;59;2;2;1;2400;84;residential;midtown
171;59;3;1;2;2300;107;residential;midtown
172;200;0;0;0;962;10;commercial;midtown
173;200;0;1;0;800;30;commercial;midtown
174;60;2;1;1;2100;80;residential;south
175;60;2;2;1;3426;67;residential;continental
176;44;3;1;2;3850;107;residential;continental
177;44;2;1;1;1800;88;residential;continental
178;34;1;1;0;2563;21;residential;midtown
179;34;4;5;2;18000;350;residential;north
180;88;2;1;1;1800;88;residential;continental
181;88;0;3;8;7000;462;commercial;midtown
182;462;1;1;0;2563;21;residential;midtown
183;462;0;0;1;2000;64;commercial;midtown
184;21;4;5;2;12000;431;residential;midtown
185;21;4;5;2;18000;350;residential;north
186;64;2;3;1;2200;90;residential;north
187;64;3;1;1;1600;58;residential;continental
188;431;2;1;0;1490;59;residential;midtown
189;431;3;4;4;8500;300;residential;midtown
190;350;3;2;3;2500;115;residential;midtown
191;350;0;1;2;4999;70;commercial;north
192;90;1;1;0;740;34;residential;midtown
193;90;3;2;2;3320;117;residential;midtown
194;58;2;3;2;13000;215;residential;south
195;58;4;2;3;21000;112;residential;east
196;59;3;2;2;3700;108;residential;midtown
197;59;2;1;1;12000;70;residential;north
198;300;3;2;1;2300;78;residential;midtown
199;300;4;5;4;9900;258;residential;continental
200;115;2;2;1;1600;64;residential;north
201;115;2;2;1;12300;62;residential;north
202;70;6;4;0;165000;850;residential;north
203;70;2;3;1;8124;76;residential;midtown
204;34;2;2;1;13500;75;residential;north
205;34;1;1;1;2500;55;residential;midtown
206;117;2;2;2;3900;78;residential;south
207;117;3;2;2;2900;95;residential;midtown
208;215;0;1;0;1250;40;commercial;midtown
209;215;0;1;1;1641;32;commercial;continental
210;112;3;4;4;16000;313;residential;north
211;112;1;1;1;10800;48;residential;north
212;108;3;4;2;7200;124;residential;midtown
213;108;2;1;1;16500;54;residential;north
214;70;3;2;1;2600;89;residential;midtown
215;70;3;3;2;45000;140;residential;north
216;90;2;2;1;3000;90;residential;south
217;90;3;1;1;2300;120;residential;midtown
218;120;2;2;1;4800;78;residential;south
219;120;5;6;6;20000;850;commercial;midtown
220;78;2;2;1;2400;72;residential;midtown
221;78;4;3;2;9800;350;residential;midtown
222;850;0;1;0;3500;150;commercial;south
223;850;3;3;3;36000;100;residential;north
224;72;2;2;1;23970;234;residential;north
225;72;0;2;3;9000;203;commercial;midtown
226;350;2;2;1;2500;100;residential;midtown
227;350;2;2;0;12000;83;residential;north
228;150;1;1;1;7800;51;residential;north
229;150;4;2;3;2950;100;residential;continental
230;100;0;1;1;1100;32;commercial;midtown
231;100;2;1;0;1600;48;residential;midtown
232;234;0;7;6;55000;839;commercial;midtown
233;234;1;1;1;1300;44;residential;continental
234;203;0;1;1;2445;244;commercial;continental
235;203;4;5;3;8500;250;residential;midtown
236;100;2;3;1;7200;89;residential;north
237;100;1;1;0;1000;30;residential;continental
238;83;3;2;1;2350;109;residential;midtown
239;83;6;2;4;75000;120;residential;north
240;51;0;1;0;10000;460;commercial;midtown
241;51;2;1;0;2200;72;residential;midtown
242;100;0;1;0;850;30;commercial;continental
243;100;2;3;2;10000;98;residential;south
244;32;0;1;1;1500;53;commercial;midtown
245;32;3;3;1;5000;119;residential;midtown
246;48;3;3;1;2280;102;residential;midtown
247;48;3;2;0;5900;150;residential;midtown
248;839;2;2;1;2700;69;residential;midtown
249;839;3;2;3;3500;205;residential;continental
250;44;2;2;2;8344;90;residential;midtown
251;44;2;1;1;1900;75;residential;north
252;205;3;2;3;3500;205;residential;continental
253;205;0;1;0;850;30;commercial;continental
254;30;2;1;1;1900;75;residential;north
255;30;2;3;1;7382;76;residential;midtown
256;75;0;1;0;1300;55;commercial;midtown
257;75;2;2;1;3900;80;residential;midtown
258;76;0;1;1;950;42;commercial;midtown
259;76;2;2;2;18000;95;residential;north
260;55;2;2;1;2100;68;residential;continental
261;55;1;1;1;9900;50;residential;north
262;80;2;1;0;1490;59;residential;midtown
263;80;2;1;1;1600;67;residential;continental
264;42;1;1;0;1300;55;residential;midtown
265;42;1;1;0;790;35;residential;midtown
266;95;0;1;1;2009;36;commercial;continental
267;95;0;2;0;9500;150;commercial;midtown
268;68;2;2;2;3500;90;residential;north
269;68;3;2;0;2100;89;residential;north
270;50;2;1;0;1600;61;residential;midtown
271;50;2;2;1;2500;77;residential;south
272;59;3;2;1;2800;81;residential;midtown
273;59;1;1;1;2200;65;residential;midtown
274;67;1;2;1;1950;44;residential;continental
275;67;0;0;1;3500;85;commercial;north
276;55;2;2;1;2500;68;residential;midtown
277;55;0;1;1;1500;34;commercial;midtown
278;35;2;1;3;2500;50;residential;south
279;35;2;2;2;21000;126;residential;north
280;36;4;6;4;15000;600;residential;midtown
281;36;2;2;1;2500;80;residential;midtown
282;150;3;3;1;2450;110;residential;continental
283;150;7;6;6;180000;1100;residential;north
284;90;3;2;1;6200;144;residential;midtown
285;90;0;1;0;600;35;commercial;midtown
286;89;1;1;1;1850;44;residential;continental
287;89;1;1;1;2100;47;residential;midtown
288;1000;6;7;0;66000;1000;residential;north
289;1000;2;3;4;8000;200;residential;south
290;200;6;6;0;75000;380;residential;north
291;200;0;1;1;1339;24;commercial;continental
292;380;1;1;0;650;40;residential;east
293;380;2;1;1;16500;54;residential;north
294;24;4;2;2;4500;189;residential;midtown
295;24;6;6;7;35000;900;residential;north
296;40;3;3;3;5300;160;residential;midtown
297;40;2;2;1;3426;677;residential;continental
298;54;2;1;1;2200;88;residential;continental
299;54;1;1;1;8400;50;residential;north
300;189;4;3;8;6900;331;residential;south
301;189;2;1;1;2000;70;residential;south
302;900;0;1;1;1507;25;commercial;continental
303;900;3;3;2;4500;126;residential;continental
304;160;1;1;1;12000;62;residential;north
305;160;3;4;2;6800;201;residential;midtown
306;677;3;3;2;3980;124;residential;midtown
307;677;2;1;1;1800;70;residential;midtown
308;88;0;1;1;1507;25;commercial;continental
309;88;3;4;2;42000;145;residential;north
310;50;0;0;0;962;10;commercial;midtown
311;50;2;1;2;15000;75;residential;north
312;331;2;2;1;14400;65;residential;north
313;331;0;2;0;3000;144;commercial;midtown
314;70;3;2;4;31800;100;residential;north
315;70;0;3;0;12000;154;commercial;midtown
316;25;1;1;1;13500;46;residential;north
317;25;1;1;0;1400;40;residential;south
318;126;3;3;3;35400;70;residential;north
319;126;3;1;1;1750;75;residential;midtown
320;62;2;2;1;5900;79;residential;midtown
321;62;2;1;1;21000;80;residential;north
322;201;0;1;1;1381;25;commercial;continental
323;201;2;1;1;2700;63;residential;midtown
324;63;2;1;1;2700;63;residential;midtown
325;63;0;1;1;780;28;commercial;midtown
326;28;3;5;3;16000;377;residential;midtown
327;28;7;4;1;12000;425;residential;continental
328;377;4;5;4;19000;350;residential;north
329;377;0;1;0;1500;59;commercial;midtown
330;425;0;1;1;1632;32;commercial;continental
331;425;2;2;1;2200;61;residential;midtown
332;350;4;4;1;6000;151;residential;north
333;350;2;2;5;7000;900;residential;east
334;59;0;1;0;500;20;commercial;midtown
335;59;3;1;1;1800;99;residential;midtown
336;32;0;2;0;5500;103;commercial;north
337;32;0;0;0;1300;45;commercial;midtown
338;61;2;2;1;2500;65;residential;south
339;61;2;2;1;2700;73;residential;midtown
340;151;2;2;2;9000;147;residential;north
341;151;1;1;1;7500;38;residential;north
342;900;7;6;0;81000;300;residential;north
343;900;4;3;2;5500;195;residential;midtown
344;20;0;2;0;14760;615;commercial;continental
345;20;0;1;0;800;26;commercial;midtown
346;99;0;1;1;900;36;commercial;midtown
347;99;0;0;0;1295;37;commercial;midtown
348;103;3;3;1;2150;114;residential;continental
349;103;3;1;1;1600;58;residential;continental
350;45;3;2;3;3300;160;residential;continental
351;45;0;1;1;1600;37;commercial;south
352;65;0;1;1;1639;32;commercial;continental
353;65;1;1;1;13500;70;residential;north
354;73;2;2;1;3700;107;residential;south
355;73;2;1;1;23400;72;residential;north
356;147;0;1;1;4565;70;commercial;continental
357;147;3;2;2;10500;135;residential;north
358;38;3;4;1;5500;172;residential;midtown
359;38;2;2;1;2800;71;residential;midtown
360;135;3;2;2;10500;135;residential;north
361;135;3;4;1;5500;172;residential;midtown
362;172;5;5;4;10900;200;residential;north
363;172;0;1;2;3200;81;commercial;midtown
364;200;3;2;3;2500;115;residential;midtown
365;200;3;5;0;54000;170;residential;north
366;81;4;4;2;7000;140;residential;midtown
367;81;3;2;1;2000;100;residential;continental
368;115;3;2;2;18000;135;residential;north
369;115;2;3;2;4200;130;residential;midtown
370;170;3;1;3;8000;139;residential;midtown
371;170;3;2;2;4500;96;residential;midtown
372;140;4;2;3;39000;180;residential;north
373;140;2;2;2;2600;66;residential;midtown
374;100;2;2;1;19500;100;residential;north
375;100;0;0;0;2000;30;commercial;north
376;135;3;3;1;3000;132;residential;midtown
377;135;1;1;0;1400;28;commercial;north
378;130;0;1;1;1381;25;commercial;continental
379;130;1;1;2;11670;101;residential;north
380;139;4;4;2;4500;173;residential;midtown
381;139;3;2;1;2900;103;residential;midtown
382;96;2;2;2;2680;95;residential;midtown
383;96;1;1;0;770;31;residential;midtown
384;180;5;6;0;135000;400;residential;north
385;180;2;1;1;2000;83;residential;south
386;66;3;1;2;3300;70;residential;midtown
387;66;0;0;0;2000;60;commercial;north
388;100;3;3;2;105000;200;residential;east
389;100;1;1;1;8400;42;residential;north
390;30;0;3;0;27000;217;commercial;midtown
391;30;2;1;1;23400;72;residential;north
392;132;2;2;2;3800;82;residential;midtown
393;132;2;2;1;2300;54;residential;south
394;28;0;1;0;880;44;commercial;midtown
395;28;6;6;7;35000;900;residential;north
396;44;0;1;0;880;44;commercial;midtown
397;44;6;6;7;35000;900;residential;north
398;900;3;1;1;2000;103;residential;midtown
399;900;3;4;2;4000;160;residential;midtown
400;103;3;2;4;19500;150;residential;north
401;103;3;2;1;3300;140;residential;midtown
402;160;1;1;1;6238;60;residential;midtown
403;160;0;0;0;3000;86;commercial;midtown
404;150;4;4;4;96000;272;residential;north
405;150;4;1;5;10000;280;residential;continental
406;140;1;1;1;7500;45;residential;north
407;140;4;5;2;37500;10;residential;north
408;60;0;4;1;22000;462;commercial;midtown
409;60;2;2;1;2800;71;residential;midtown
410;86;4;2;1;5000;250;residential;east
411;86;2;1;1;16500;50;residential;north
412;272;0;1;2;4227;65;commercial;continental
413;272;0;1;0;900;30;commercial;midtown
414;280;4;1;2;36000;120;residential;north
415;280;2;2;1;3200;69;residential;midtown
416;45;5;8;7;450000;1226;residential;north
417;45;3;3;2;5500;103;residential;midtown
418;10;0;1;1;1523;27;commercial;continental
419;10;4;6;4;39000;1000;residential;north
420;462;2;3;0;1800;88;residential;midtown
421;462;1;1;1;1600;48;residential;midtown
422;71;4;3;2;9000;340;residential;continental
423;71;3;2;1;1520;80;residential;midtown
424;250;5;2;0;45000;100;residential;north
425;250;4;6;2;23000;450;residential;north
426;50;3;1;0;5000;220;residential;east
427;50;3;3;1;3900;135;residential;south
428;65;0;1;1;1900;46;commercial;south
429;65;4;3;2;30000;190;residential;north
430;30;2;3;2;51000;90;residential;north
431;30;3;2;2;4900;83;residential;midtown
432;800;4;6;4;18000;800;residential;midtown
433;800;2;3;2;51000;90;residential;north
434;90;3;2;2;4900;83;residential;midtown
435;90;3;3;2;54000;200;residential;east
436;83;3;1;1;1900;64;residential;midtown
437;83;2;1;1;16500;50;residential;north
438;200;3;3;1;2450;112;residential;midtown
439;200;2;1;1;1500;55;residential;midtown
440;64;2;1;1;1500;100;residential;midtown
441;64;2;2;2;3900;78;residential;south
442;50;2;2;1;3100;63;residential;midtown
443;50;3;2;2;38850;180;residential;north
444;112;3;2;2;6500;190;residential;south
445;112;5;5;2;7000;330;residential;midtown
446;55;1;1;0;10500;45;residential;north
447;55;1;1;1;12000;40;residential;east
448;100;0;1;0;700;20;commercial;continental
449;100;0;1;1;1674;33;commercial;continental
450;78;2;2;1;12600;68;residential;north
451;78;2;2;1;9000;60;residential;north
452;63;0;1;1;1200;33;commercial;continental
453;63;3;2;2;7300;98;residential;midtown
454;180;1;1;1;2300;33;residential;midtown
455;180;0;1;1;3863;70;commercial;continental
456;190;0;1;1;1300;32;commercial;continental
457;190;3;3;1;5250;116;residential;midtown
458;330;2;1;1;24000;72;residential;north
459;330;1;1;0;3250;62;residential;midtown
460;45;2;2;1;2500;100;residential;midtown
461;45;1;1;1;1450;55;residential;midtown
462;40;4;1;5;10000;280;residential;continental
463;40;1;1;1;9000;50;residential;north
464;20;3;2;1;4600;90;residential;midtown
465;20;0;2;1;50000;503;commercial;midtown
466;33;2;2;1;19500;70;residential;north
467;33;3;4;2;5226;101;residential;continental
468;26;0;1;0;800;26;commercial;midtown
469;26;2;2;1;2300;70;residential;midtown
470;70;2;1;1;14400;58;residential;north
471;70;2;1;1;11400;60;residential;north
472;58;0;1;0;4800;44;commercial;north
473;58;5;6;2;105000;380;residential;north
474;60;3;5;2;8100;127;residential;north
475;60;0;1;1;1300;32;commercial;continental
476;44;1;1;0;1100;54;residential;midtown
477;44;0;1;1;13000;360;commercial;continental
478;380;0;2;0;10000;270;commercial;north
479;380;0;1;1;13000;364;commercial;continental
480;127;2;1;0;1600;60;residential;midtown
481;127;3;2;2;15000;112;residential;north
482;32;0;0;0;3000;29;commercial;north
483;32;4;3;3;45000;150;residential;north
484;54;3;2;1;2800;101;residential;midtown
485;54;3;2;2;2350;80;residential;continental
486;360;2;1;1;21000;80;residential;north
487;360;2;1;1;3100;61;residential;midtown
488;270;2;2;1;18450;70;residential;north
489;270;1;1;1;1900;58;residential;midtown
490;364;0;5;2;20000;446;commercial;midtown
491;364;3;1;1;1990;58;residential;midtown
492;60;6;7;5;15000;660;residential;midtown
493;60;3;4;2;4000;221;residential;midtown
494;112;0;0;0;2795;31;commercial;midtown
495;112;1;1;0;1400;30;residential;south
496;29;2;2;1;2100;65;residential;north
497;29;0;1;1;1550;38;commercial;midtown
498;150;0;1;1;4168;64;commercial;continental
499;150;1;1;0;1090;38;residential;midtown
500;101;0;3;3;2350;62;commercial;midtown
501;101;0;1;2;1725;34;commercial;continental
502;80;0;0;0;13000;140;commercial;east
503;80;3;2;2;9000;90;residential;north
504;72;3;2;1;2350;72;residential;south
505;72;0;1;1;1461;24;commercial;continental
506;24;1;1;0;1300;57;residential;midtown
507;24;3;2;1;3100;155;residential;midtown
508;57;0;1;1;4349;62;commercial;continental
509;57;0;1;1;4038;62;commercial;continental
510;155;3;3;2;5413;125;residential;continental
511;155;0;5;6;22000;436;residential;north
512;62;3;2;2;30000;105;residential;north
513;62;3;3;1;25500;119;residential;north
514;62;2;1;1;1150;63;residential;continental
515;62;3;2;2;38850;180;residential;north
516;125;3;4;2;48000;10;residential;north
517;125;1;1;1;12000;77;residential;north
518;436;4;4;4;60000;340;residential;north
519;436;0;1;1;3705;46;commercial;continental
520;105;2;2;1;7950;75;residential;north
521;105;2;2;1;1600;64;residential;north
522;119;0;1;1;1339;24;commercial;continental
523;119;0;1;0;5000;59;commercial;north
524;63;1;1;1;1650;44;residential;continental
525;63;4;1;5;10000;280;residential;continental
526;180;1;1;1;2000;45;residential;east
527;180;0;0;0;4000;60;commercial;midtown
528;10;0;1;1;2197;39;commercial;continental
529;10;2;2;1;2880;65;residential;midtown
530;77;2;2;1;12000;75;residential;north
531;77;4;5;2;6000;218;residential;midtown
532;340;0;2;2;3115;91;commercial;continental
533;340;0;6;1;25000;1010;commercial;continental
534;46;0;1;1;1725;34;commercial;continental
535;46;0;1;2;3500;50;commercial;north
536;75;4;1;3;15000;226;residential;midtown
537;75;3;1;2;16000;378;residential;midtown
538;64;0;1;0;900;51;commercial;midtown
539;64;0;1;1;1639;32;commercial;continental
540;226;4;1;3;15000;226;residential;midtown
541;226;3;3;2;27000;208;residential;north
542;208;3;1;2;16000;378;residential;midtown
543;208;0;1;0;900;51;commercial;midtown
544;378;0;1;1;1639;32;commercial;continental
545;378;1;1;1;1700;54;residential;continental
546;51;3;2;2;3800;94;residential;midtown
547;51;2;1;1;1500;100;residential;midtown
548;32;0;1;1;2900;47;commercial;midtown
549;32;0;1;1;12110;156;commercial;midtown
550;54;0;1;1;14140;134;commercial;midtown
551;54;0;2;1;6681;139;commercial;north
552;94;2;1;1;1450;55;residential;continental
553;94;2;2;5;19000;950;commercial;midtown
554;100;3;1;0;2200;41;commercial;midtown
555;100;0;9;2;15000;697;commercial;midtown
556;47;3;2;2;7300;98;residential;midtown
557;47;6;7;4;18000;450;residential;midtown
558;156;3;1;2;6800;220;residential;south
559;156;0;0;1;1700;30;commercial;midtown
560;134;1;1;1;10500;40;residential;north
561;134;0;1;1;3847;64;commercial;continental
562;139;3;2;2;39000;105;residential;north
563;139;5;3;4;11000;258;residential;midtown
564;55;0;1;1;1800;43;commercial;continental
565;55;0;1;1;2740;69;commercial;north
566;950;2;2;1;2750;69;residential;continental
567;950;5;1;1;23000;400;commercial;continental
568;41;0;2;0;10000;270;commercial;north
569;41;2;2;1;16500;75;residential;north
570;697;3;2;1;2250;96;residential;midtown
571;697;2;2;1;12000;68;residential;north
572;98;3;1;3;8000;139;residential;midtown
573;98;0;3;0;3000;212;commercial;midtown
574;450;1;1;0;1150;45;residential;midtown
575;450;0;2;0;29979;791;commercial;midtown
576;24;0;1;1;1461;24;commercial;continental
577;24;0;1;1;1350;38;commercial;midtown
578;38;0;1;6;5000;48;commercial;south
579;38;4;5;5;150000;500;residential;north
580;48;3;5;0;54000;170;residential;north
581;48;3;2;1;25500;87;residential;north
582;500;0;1;1;3512;70;commercial;continental
583;500;5;1;4;16000;320;residential;north
584;170;3;3;2;5500;103;residential;midtown
585;170;3;4;2;46500;120;residential;north
586;87;9;1;5;25000;430;residential;north
587;87;0;1;0;219000;3000;commercial;midtown
588;70;0;0;0;850;18;commercial;continental
589;70;1;1;0;1000;28;residential;continental
590;320;3;4;4;16000;313;residential;north
591;320;3;2;1;1520;80;residential;midtown
592;103;0;1;1;4877;65;commercial;continental
593;103;2;1;1;1500;100;residential;midtown
594;120;0;4;0;10000;685;commercial;midtown
595;120;0;2;1;20000;250;commercial;midtown
596;430;0;1;1;3527;64;commercial;continental
597;430;3;2;2;4200;81;residential;midtown
598;3000;3;2;1;13500;116;residential;north
599;3000;0;1;1;80000;2824;commercial;midtown
600;18;0;1;1;2900;73;commercial;midtown
601;18;0;1;1;2800;56;commercial;midtown
602;28;3;3;2;2800;93;residential;midtown
603;28;0;1;0;1150;52;commercial;midtown
604;313;5;1;4;16000;320;residential;north
605;313;2;2;1;2500;82;residential;continental
606;80;2;1;1;5500;120;residential;north
607;80;0;2;0;2400;60;commercial;midtown
608;65;3;3;2;2900;98;residential;continental
609;65;1;3;0;7000;166;residential;midtown
610;100;4;7;6;12000;792;residential;midtown
611;100;4;2;2;42000;187;residential;north
612;87;3;2;1;25500;87;residential;north
613;87;0;1;1;3512;70;commercial;continental
614;70;5;1;4;16000;320;residential;north
615;70;9;1;5;25000;430;residential;north
616;320;0;1;0;219000;3000;commercial;midtown
617;320;1;1;1;7500;40;residential;north
618;430;0;0;0;850;18;commercial;continental
619;430;3;4;4;16000;313;residential;north
620;3000;0;1;1;4877;65;commercial;continental
621;3000;0;2;1;20000;250;commercial;midtown
622;40;0;1;1;3527;64;commercial;continental
623;40;7;4;4;75000;250;residential;north
624;18;0;1;1;80000;2824;commercial;midtown
625;18;0;1;1;2900;73;commercial;midtown
626;313;2;1;1;18000;68;residential;north
627;313;0;1;1;2800;56;commercial;midtown
628;65;2;2;2;2700;117;residential;north
629;65;3;3;2;2800;93;residential;midtown
630;250;0;1;0;1150;52;commercial;midtown
631;250;5;1;4;16000;320;residential;north
632;64;2;2;1;2500;82;residential;continental
633;64;2;1;1;5500;120;residential;north
634;250;0;2;0;2400;60;commercial;midtown
635;250;3;3;2;2900;98;residential;continental
636;2824;1;3;0;7000;166;residential;midtown
637;2824;4;7;6;12000;792;residential;midtown
638;73;4;2;2;42000;187;residential;north
639;73;2;1;1;1900;80;residential;north
640;68;4;4;3;9500;320;residential;midtown
641;68;2;3;1;9000;80;residential;north
642;56;0;1;1;2100;56;commercial;midtown
643;56;0;4;1;24500;250;commercial;midtown
644;117;0;1;1;1800;36;commercial;continental
645;117;0;2;0;980;46;commercial;midtown
646;93;7;6;0;81000;300;residential;north
647;93;0;2;0;2800;126;commercial;midtown
648;71;2;1;1;2100;71;residential;continental
649;71;1;9;4;75000;480;residential;north
650;480;0;2;1;50000;503;commercial;midtown
651;480;0;3;4;225000;5186;commercial;midtown
652;503;3;3;2;3800;139;residential;continental
653;503;0;1;0;1200;47;commercial;midtown
654;5186;0;1;2;1500;46;commercial;midtown
655;5186;0;1;0;600;20;commercial;midtown
656;139;3;2;1;15000;88;residential;north
657;139;0;1;0;1100;45;commercial;midtown
658;47;2;2;1;2700;73;residential;midtown
659;47;5;5;6;20000;700;residential;midtown
660;46;1;1;1;2300;33;residential;midtown
661;46;3;3;1;2400;110;residential;midtown
662;20;4;3;2;9500;266;residential;north
663;20;0;4;1;15500;605;commercial;continental
664;88;0;0;0;1500;56;commercial;midtown
665;88;4;3;5;17700;150;residential;north
666;45;0;1;0;2100;34;commercial;midtown
667;45;6;7;5;240000;400;residential;north
668;73;0;1;1;1900;47;commercial;south
669;73;0;6;0;9998;138;commercial;midtown
670;700;0;0;1;350;12;commercial;midtown
671;700;0;1;0;1200;39;residential;midtown
672;33;2;2;1;2900;62;residential;midtown
673;33;2;2;1;33000;79;residential;north
674;110;1;1;0;2800;50;residential;midtown
675;110;1;1;0;8250;30;residential;north
676;266;2;1;0;2500;91;commercial;midtown
677;266;3;2;2;12000;100;residential;north
678;605;1;1;1;7500;40;residential;north
679;605;3;2;0;1900;140;residential;continental
680;56;0;0;0;2177;24;commercial;midtown
681;56;3;2;2;4500;205;residential;continental
682;150;0;1;0;1200;49;commercial;midtown
683;150;0;1;1;1905;36;commercial;midtown
684;306;0;4;0;3500;306;commercial;midtown
685;306;0;2;0;1500;78;commercial;midtown
686;78;3;3;2;4750;142;residential;midtown
687;78;2;2;1;2350;73;residential;midtown
688;142;2;2;1;26970;76;residential;north
689;142;4;2;1;1900;153;residential;continental
690;73;2;3;0;1800;88;residential;midtown
691;73;0;3;3;4950;131;commercial;south
692;76;1;1;1;2500;32;residential;midtown
693;76;2;1;1;9000;50;residential;north
694;153;0;1;5;5500;130;commercial;south
695;153;3;1;1;2700;200;residential;midtown
696;88;4;5;3;23000;600;residential;north
697;88;4;4;2;6000;264;residential;midtown
698;131;1;2;1;27000;80;residential;north
699;131;5;5;2;60000;400;residential;north
700;32;3;3;1;3700;140;residential;midtown
701;32;0;1;1;2000;41;commercial;midtown
702;50;2;2;2;8000;147;residential;midtown
703;50;2;2;0;6500;90;residential;midtown
704;130;0;1;1;1200;33;commercial;continental
705;130;0;0;0;27500;439;commercial;midtown
706;200;0;0;0;1500;45;commercial;midtown
707;200;0;1;0;480;32;commercial;midtown
708;600;2;1;1;1550;50;residential;south
709;600;0;1;0;4000;124;commercial;continental
710;264;0;1;2;3000;86;commercial;midtown
711;264;0;1;1;700;23;commercial;midtown
712;80;1;1;0;800;30;residential;south
713;80;0;2;0;1500;55;commercial;midtown
714;400;3;4;3;8400;239;residential;continental
715;400;4;6;4;18000;800;residential;midtown
717;140;3;2;2;5800;84;residential;midtown
718;41;2;2;1;6000;133;residential;midtown
719;41;0;1;1;2800;56;commercial;midtown
720;95;4;3;2;22950;95;residential;north
721;95;3;2;2;12000;100;residential;north
722;100;0;1;0;2800;42;commercial;midtown
723;100;0;0;1;38000;1350;commercial;continental
724;42;2;2;2;2700;117;residential;north
725;42;3;2;3;4000;130;residential;continental
726;1350;5;4;2;90000;430;residential;north
727;1350;1;1;0;1570;36;residential;midtown
728;117;7;8;4;120000;600;residential;north
729;117;2;2;1;3800;80;residential;midtown
730;130;3;2;2;4867;108;residential;continental
731;130;2;2;1;19500;70;residential;north
732;430;2;2;0;3400;76;residential;midtown
733;430;1;1;0;6900;35;residential;north
734;36;2;1;1;18000;68;residential;north
735;36;1;1;1;12000;40;residential;east
736;600;3;3;1;3500;142;residential;midtown
737;600;1;1;1;1250;44;residential;continental
738;80;0;2;1;6681;139;commercial;north
739;80;2;1;1;13500;78;residential;north
740;108;0;1;0;800;67;commercial;midtown
741;108;2;2;1;26970;76;residential;north
742;70;2;1;1;27600;80;residential;north
743;70;1;1;0;1150;49;residential;midtown
744;76;3;2;0;4000;150;residential;midtown
745;76;3;2;2;30000;140;residential;north
746;35;4;3;2;9800;350;residential;midtown
747;35;0;0;0;2424;26;commercial;midtown
748;68;0;1;1;1000;34;commercial;continental
749;68;3;3;1;5250;116;residential;midtown
750;40;0;0;0;1950;25;commercial;midtown
751;40;3;3;1;5000;189;residential;midtown
752;142;0;0;0;9119;101;commercial;midtown
753;142;0;0;0;4476;49;commercial;midtown
754;44;0;0;0;5094;56;commercial;midtown
755;44;1;1;0;1400;25;residential;continental
756;80;2;2;1;3800;80;residential;midtown
757;80;3;2;2;4867;108;residential;continental
758;108;1;1;0;1000;16;residential;midtown
759;108;2;2;1;19500;70;residential;north
760;16;2;2;0;3400;76;residential;midtown
761;16;2;1;1;11400;60;residential;north
762;70;2;1;1;1250;55;residential;midtown
763;70;1;1;1;12000;40;residential;east
764;76;1;1;1;1250;44;residential;continental
765;76;0;2;1;6681;139;commercial;north
766;60;2;1;1;13500;78;residential;north
767;60;1;1;1;1500;55;residential;north
768;55;3;3;1;4182;83;residential;continental
769;55;2;2;1;26970;76;residential;north
770;40;2;1;1;27600;80;residential;north
771;40;1;1;0;740;34;residential;midtown
772;44;1;1;0;1150;49;residential;midtown
773;44;3;1;1;5500;158;residential;midtown
774;139;3;2;0;4000;150;residential;midtown
775;139;2;2;1;13500;86;residential;north
776;78;0;0;0;2424;26;commercial;midtown
777;78;0;1;1;1000;34;commercial;continental
778;55;3;3;1;5000;189;residential;midtown
779;55;0;0;0;9119;101;commercial;midtown
780;83;0;0;0;4476;49;commercial;midtown
781;83;0;0;0;5094;56;commercial;midtown
782;76;1;1;0;1400;25;residential;continental
783;76;1;1;2;1200;30;commercial;continental
784;80;1;1;1;10500;50;residential;north
785;80;3;4;2;60000;200;residential;north
786;34;4;6;2;18000;400;residential;north
787;34;3;3;2;45000;10;residential;north
788;49;3;3;2;20000;220;residential;east
789;49;3;1;3;2000;110;residential;south
790;158;0;0;1;380;12;commercial;midtown
791;158;2;2;1;1700;80;residential;north
792;45;0;1;1;2500;45;commercial;midtown
793;45;3;3;4;30000;230;residential;north
794;230;0;1;2;13000;87;commercial;midtown
795;230;1;1;0;700;30;commercial;midtown
796;87;5;6;2;22500;400;residential;east
797;87;2;2;1;11970;70;residential;north
798;30;0;5;9;22000;854;commercial;midtown
799;30;2;2;1;2900;91;residential;south
800;400;5;8;3;105000;596;residential;north
801;400;3;2;1;13500;116;residential;north
802;70;0;1;0;2900;67;commercial;midtown
803;70;2;1;4;2600;150;residential;continental
804;854;5;3;4;7500;312;residential;south
805;854;4;1;1;27000;200;residential;north
808;596;1;1;1;980;32;residential;midtown
809;596;1;1;0;10500;45;residential;north
810;116;2;1;1;14400;48;residential;north
811;116;0;0;0;27500;439;commercial;midtown
812;67;3;2;2;3800;107;residential;continental
813;67;1;1;0;1000;28;residential;midtown
814;150;2;1;0;2200;55;residential;north
815;150;4;3;2;5500;195;residential;midtown
816;312;2;2;1;10500;71;residential;north
817;312;2;2;1;3300;70;residential;continental
818;200;0;3;2;2200;69;commercial;midtown
819;200;0;4;6;9890;282;commercial;north
820;78;3;4;2;150000;150;residential;north
821;78;0;0;1;1300;35;commercial;midtown
822;900;0;2;0;4000;53;commercial;east
823;900;0;4;5;8900;449;commercial;midtown
824;32;2;2;1;1450;101;residential;continental
825;32;4;1;3;15000;226;residential;midtown
826;45;3;2;1;3500;120;residential;midtown
827;45;3;2;2;2450;73;residential;continental
900;47;1;1;1;1350;47;residential;continental
901;47;3;4;4;8000;192;residential;continental
902;192;0;1;0;1090;25;commercial;midtown
903;192;2;2;5;19000;950;residential;midtown
904;25;4;4;0;40000;1000;residential;north
905;25;1;1;1;2200;65;residential;midtown
906;950;1;1;0;4500;43;residential;north
907;950;0;1;1;1800;35;commercial;midtown
908;1000;0;1;1;14140;134;commercial;midtown
909;1000;1;2;1;2100;65;residential;east
910;65;5;1;1;23000;400;residential;continental
911;65;0;1;0;1200;40;commercial;midtown
912;43;0;0;2;3429;64;commercial;midtown
913;43;3;3;3;5300;160;residential;midtown
914;35;4;3;4;850;450;residential;south
915;35;3;3;2;45000;140;residential;north
916;134;3;4;2;48000;120;residential;north
917;134;3;4;3;15000;315;residential;north
918;65;2;2;2;2900;85;residential;midtown
919;65;0;1;0;2500;92;commercial;midtown
920;400;0;1;1;1300;17;commercial;south
921;400;0;1;0;500;74;commercial;midtown
922;40;1;1;1;9000;46;residential;north
923;40;3;1;2;16000;378;residential;midtown
924;64;5;6;3;150000;450;residential;north
925;64;1;1;1;2500;55;residential;midtown
926;160;7;6;4;75000;500;residential;north
927;160;0;2;2;8900;165;commercial;midtown
928;450;1;1;0;1700;32;residential;midtown
929;450;4;2;1;2850;100;residential;midtown
930;140;0;3;5;7500;253;commercial;north
931;140;0;1;0;4200;78;commercial;midtown
932;120;1;1;1;9000;48;residential;north
933;120;0;1;0;1200;60;commercial;midtown
934;315;1;1;0;1300;22;residential;midtown
935;315;4;2;1;2800;182;residential;continental
936;60;2;1;1;900;60;residential;continental
937;60;3;2;0;1500;81;residential;south
938;81;1;1;1;1600;46;residential;midtown
939;81;2;2;1;10800;75;residential;north
940;46;0;1;0;4000;47;commercial;continental
941;46;0;1;1;2800;56;commercial;midtown
942;75;2;1;1;2100;92;residential;midtown
943;75;4;2;2;12000;270;residential;north
944;47;1;1;1;1480;44;residential;midtown
945;47;0;1;1;3000;60;commercial;midtown
946;56;3;4;2;3950;155;residential;midtown
948;92;3;2;2;5000;160;residential;midtown
949;92;0;0;0;5500;85;commercial;midtown
950;270;3;3;2;54000;200;residential;east
951;270;0;1;0;600;24;commercial;midtown
952;44;0;8;7;9800;285;commercial;midtown
953;44;4;4;2;54000;330;residential;north
954;60;2;2;1;2500;50;residential;south
955;60;3;2;1;15000;88;residential;north
956;155;0;8;3;24800;1164;commercial;midtown
957;155;0;2;0;1800;65;commercial;midtown
958;1092;2;2;2;8344;90;residential;midtown
959;1092;1;1;0;8400;40;residential;north
960;160;0;2;0;18500;342;commercial;midtown
961;160;0;2;0;2400;60;commercial;midtown
962;85;0;1;8;10000;462;commercial;midtown
963;85;3;2;2;3400;82;residential;midtown
964;200;2;2;2;7000;76;residential;midtown
965;200;0;0;0;1100;35;commercial;continental
966;24;0;0;2;4254;79;commercial;midtown
967;24;0;2;0;4000;53;commercial;east
968;285;1;1;0;2563;21;residential;midtown
969;285;0;1;0;4000;124;commercial;continental
970;330;0;1;0;219000;3000;commercial;midtown
971;330;0;6;9;8000;405;residential;continental
972;462;0;1;1;7000;462;commercial;midtown
973;462;2;3;2;7500;200;residential;south
974;200;0;2;1;20000;250;commercial;midtown
975;200;4;3;2;36000;161;residential;north
976;250;2;1;1;1600;62;residential;continental
977;250;0;4;1;28500;800;commercial;midtown
978;161;0;1;0;2370;80;commercial;midtown
979;161;7;7;2;15000;350;residential;east
980;62;2;2;1;2400;66;residential;midtown
981;62;3;1;0;880;40;commercial;midtown
982;800;0;0;1;1382;25;commercial;continental
983;800;4;3;5;17700;150;residential;north
984;80;9;5;6;25000;600;residential;north
985;80;6;6;2;18000;450;residential;north
986;350;0;0;1;950;35;commercial;continental
987;350;1;1;1;1200;26;residential;midtown
988;66;2;1;1;1700;96;residential;continental
989;66;3;4;3;105000;131;residential;north
990;40;0;1;3;2150;69;commercial;south
991;40;3;3;2;3740;107;residential;continental
992;25;3;3;2;30000;200;residential;north
993;25;0;4;1;24500;250;commercial;midtown
994;150;4;5;2;4750;135;residential;midtown
995;150;0;1;0;1100;45;commercial;midtown
996;600;0;1;0;930;31;commercial;midtown
997;600;1;1;1;7500;42;residential;north
998;450;4;5;6;10000;600;residential;north
999;450;3;3;2;60000;105;residential;north
1000;35;0;1;0;1050;40;commercial;midtown
1001;35;2;3;1;2600;80;residential;continental
1002;26;1;1;1;1200;34;commercial;continental
1003;26;0;0;2;20000;475;commercial;midtown
1004;96;3;2;1;6200;147;residential;midtown
1005;96;4;2;0;4500;189;residential;midtown
1006;131;3;2;2;33000;140;residential;north
1007;131;0;0;4;9000;150;commercial;midtown
1044;357;0;0;0;18000;357;commercial;midtown
1045;357;0;3;8;7000;462;commercial;midtown
1046;462;0;0;1;1524;28;commercial;continental
1047;462;0;4;0;44000;500;commercial;midtown
1048;28;2;2;2;2800;62;residential;south
1049;28;2;1;0;2500;91;residential;midtown
1050;500;1;1;1;7500;50;residential;north
1051;500;6;7;4;420000;900;residential;north
1052;62;3;2;3;13000;290;residential;south
1053;62;1;1;1;2000;38;residential;midtown
1054;91;3;4;1;3900;119;residential;continental
1055;91;1;1;1;1250;60;residential;south
1056;50;3;3;2;5226;125;residential;continental
1057;50;1;1;1;9000;50;residential;north
1058;900;2;3;1;60000;190;residential;north
1059;900;0;2;0;8000;130;commercial;north
1060;290;2;1;1;1600;63;residential;midtown
1061;290;3;2;2;2690;130;residential;continental
1062;38;2;2;1;13500;85;residential;north
1063;38;4;2;0;5400;200;residential;midtown
1064;119;2;1;2;2500;59;residential;south
1065;119;1;1;1;3300;56;residential;midtown
1066;60;0;0;0;2269;25;commercial;midtown
1067;60;2;2;2;7500;130;residential;south
1068;125;2;1;1;1300;50;residential;midtown
1069;125;1;1;1;1500;54;residential;north
1070;50;0;3;4;208000;5200;commercial;midtown
1071;50;0;1;0;650;36;commercial;midtown
1072;190;4;5;4;15000;600;residential;midtown
1073;190;2;1;1;1500;77;residential;midtown
1074;130;0;1;0;1300;55;commercial;midtown
1075;130;3;1;0;1400;76;residential;continental
1076;63;2;2;1;24000;80;residential;north
1077;63;0;2;0;9500;150;commercial;midtown
1078;130;6;6;3;90000;450;residential;north
1079;130;0;0;1;18700;917;commercial;midtown
1080;72;2;2;1;15000;72;residential;east
1081;72;1;1;1;1500;54;residential;north
1082;54;0;3;4;208000;5200;commercial;midtown
1083;54;0;1;0;650;36;commercial;midtown
1084;5200;2;1;1;1500;77;residential;midtown
1085;5200;0;1;0;1300;55;commercial;midtown
1086;36;0;1;1;1200;35;commercial;midtown
1087;36;3;1;0;1400;76;residential;continental
1088;77;2;2;1;24000;80;residential;north
1089;77;0;2;0;9500;150;commercial;midtown
1090;55;6;6;3;90000;450;residential;north
1091;55;2;2;1;12000;70;residential;north
1092;35;6;7;6;105000;615;residential;north
1093;35;2;1;0;1100;65;residential;midtown
1094;76;2;2;1;13500;78;residential;north
1095;76;2;1;1;1258;49;residential;north
1096;80;2;2;1;2700;65;residential;midtown
1097;80;4;2;1;35400;180;residential;north
1098;150;2;2;1;21150;94;residential;north
1099;150;2;2;1;12450;60;residential;north
1100;450;0;0;0;2500;52;commercial;continental
1101;450;3;2;2;3200;92;residential;continental
1102;70;4;6;8;20000;995;residential;north
1103;70;2;3;1;15000;72;residential;north
1104;615;3;2;1;3500;112;residential;continental
1105;615;0;1;1;2200;45;commercial;continental
1106;65;2;1;1;15000;67;residential;north
1107;65;1;1;0;1400;25;residential;continental
1108;78;0;4;1;22000;462;commercial;midtown
1109;78;0;1;2;2400;95;commercial;midtown
1110;49;0;2;0;4360;73;commercial;midtown
1111;49;0;0;5;9500;260;commercial;north
1112;65;4;3;2;34500;10;residential;north
1113;65;3;2;3;4500;200;residential;south
1114;180;4;7;5;15000;600;residential;midtown
1115;180;4;7;3;14900;488;residential;midtown
1116;330;4;5;2;75000;330;residential;north
1117;330;0;0;0;780;20;commercial;continental
1118;20;3;3;3;5350;189;residential;continental
1119;20;1;1;1;7500;40;residential;north
1120;189;2;1;1;3700;56;residential;south
1121;189;1;1;0;650;45;residential;continental
1122;40;2;1;1;2500;100;residential;continental
1123;40;0;1;2;3000;55;commercial;midtown
1124;56;0;1;0;800;23;commercial;midtown
1125;56;0;0;1;23000;896;commercial;continental
1126;45;2;3;1;19500;83;residential;north
1127;45;2;1;1;16500;68;residential;north
1128;100;0;0;0;1950;75;commercial;midtown
1129;100;3;2;0;3080;140;residential;midtown
1130;55;0;1;1;4200;120;commercial;midtown
1131;55;3;2;1;2900;95;residential;continental
1132;23;0;0;2;6000;136;commercial;midtown
1133;23;0;1;0;5500;54;commercial;south
1134;896;5;3;2;30000;180;residential;north
1135;896;0;1;0;2800;86;commercial;midtown
1136;83;3;4;3;30000;110;residential;north
1137;83;3;2;0;3200;140;residential;east
1138;68;0;0;0;35000;430;commercial;midtown
1139;68;3;4;2;6200;280;residential;midtown
1140;75;4;3;3;2800;182;residential;continental
1141;75;2;2;1;2700;80;residential;midtown
1142;140;1;1;0;950;25;residential;midtown
1143;140;3;3;6;40000;764;commercial;midtown
1144;120;5;5;6;48000;250;residential;north
1145;120;1;1;1;1050;40;residential;north
1146;95;5;5;2;54000;400;residential;north
1147;95;5;8;1;25000;1004;residential;north
1148;136;2;2;1;3400;90;residential;north
1149;136;2;3;1;2750;109;residential;midtown
1150;54;3;3;2;105000;200;residential;east
1151;54;2;3;2;8000;81;residential;midtown
1152;56;0;1;1;2900;56;commercial;midtown
1153;56;4;5;6;240000;909;residential;east
1154;909;3;2;1;2250;72;residential;south
1155;909;0;1;4;38000;776;commercial;midtown
1156;72;0;1;0;450;33;commercial;midtown
1157;72;2;1;1;12000;57;residential;north
1158;776;2;1;0;1300;66;residential;midtown
1159;776;1;1;1;12000;57;residential;north
1160;33;4;1;3;4800;144;residential;midtown
1161;33;0;3;4;6681;139;commercial;north
1162;57;0;1;0;1200;45;commercial;midtown
1163;57;0;0;0;2195;24;commercial;midtown
1164;66;2;2;1;2400;82;residential;midtown
1165;66;1;4;0;15000;470;residential;midtown
1166;57;0;2;0;980;48;commercial;midtown
1167;57;2;2;1;12000;70;residential;north
1168;144;0;1;1;37000;3584;commercial;continental
1169;144;0;1;0;2500;41;commercial;midtown
1170;139;4;4;2;57000;150;residential;north
1171;139;3;2;1;2850;81;residential;midtown
1172;45;0;1;3;10500;275;commercial;midtown
1173;45;6;7;3;150000;600;residential;north
1174;24;0;0;1;60000;3400;commercial;continental
1175;24;3;3;1;3500;142;residential;midtown
1176;82;0;4;2;23000;748;commercial;continental
1177;82;2;2;1;2850;74;residential;midtown
1178;470;3;2;1;2700;122;residential;continental
1179;470;0;0;0;1100;43;commercial;midtown
1180;48;2;2;1;2500;72;residential;midtown
1181;48;2;2;2;6500;81;residential;midtown
1182;70;0;1;1;1700;50;commercial;midtown
1183;70;1;1;1;1300;51;residential;continental
1184;3584;2;2;1;2950;83;residential;midtown
1185;3584;4;4;2;4100;126;residential;midtown
1186;41;0;1;0;2200;45;commercial;continental
1187;41;4;3;2;5900;157;residential;midtown
1188;127;3;4;1;3950;127;residential;midtown
1189;127;2;2;1;2300;108;residential;continental
1190;108;3;2;2;3800;111;residential;midtown
1191;108;3;2;2;24000;120;residential;north
1192;111;0;3;0;30000;217;commercial;midtown
1193;111;0;2;0;1900;85;commercial;midtown
1194;120;1;1;1;1280;50;residential;midtown
1195;120;0;1;1;3500;58;commercial;continental
1196;217;0;2;0;12800;464;commercial;midtown
1197;217;0;0;1;60000;3400;commercial;continental
1198;85;0;1;1;700;22;commercial;midtown
1199;85;0;2;0;13000;120;commercial;east
1200;50;0;1;1;1400;28;commercial;continental
1201;50;0;1;0;900;43;commercial;midtown
1202;58;3;2;2;3200;117;residential;midtown
1203;58;0;1;1;900;35;commercial;midtown
1204;464;0;1;0;2200;73;commercial;midtown
1205;464;2;2;1;15000;93;residential;north
1206;3400;5;6;2;75000;400;residential;north
1207;3400;0;1;3;2300;82;commercial;continental
1208;22;1;1;0;1550;40;residential;south
1209;22;2;2;1;16500;85;residential;north
1210;120;4;5;2;45000;130;residential;north
1211;120;0;0;2;4000;75;commercial;midtown
1212;28;0;1;1;2600;42;commercial;midtown
1213;28;0;1;0;1900;92;commercial;continental
1214;43;0;0;0;2500;54;commercial;continental
1215;43;1;1;1;1300;33;residential;midtown
1216;117;5;5;2;99000;380;residential;north
1217;117;0;0;0;2000;25;commercial;midtown
1218;35;3;2;1;2700;109;residential;midtown
1219;35;1;1;1;1500;48;residential;south
1220;73;2;6;2;13900;436;residential;midtown
1221;73;0;1;0;1780;70;commercial;continental
1222;93;0;0;0;1450;31;commercial;north
1223;93;0;0;0;7640;63;commercial;midtown
1224;24;0;1;0;650;24;commercial;midtown
1225;24;0;8;8;21600;540;commercial;midtown
1226;540;5;4;2;20000;360;residential;continental
1227;540;4;4;6;10000;200;residential;south
1228;360;2;2;1;3000;99;residential;continental
1229;360;2;2;1;2200;56;residential;south
1230;200;5;3;0;12000;350;commercial;east
1231;200;3;3;3;8000;103;residential;continental
1232;99;0;2;0;16000;114;commercial;midtown
1233;99;0;4;1;19000;381;commercial;midtown
1234;56;0;1;0;3300;85;commercial;continental
1235;56;2;2;1;12000;78;residential;north
1236;350;0;1;0;400;29;commercial;continental
1237;350;3;2;2;8000;136;residential;south
1238;103;0;2;2;1700;60;commercial;midtown
1239;103;0;2;0;1300;56;commercial;midtown
1240;114;4;5;2;5500;264;residential;midtown
1241;114;0;1;1;2250;47;commercial;midtown
1242;381;4;5;6;120000;437;residential;north
1243;381;4;6;3;25000;321;residential;north
1244;85;4;2;2;15000;281;residential;midtown
1245;85;0;3;0;7000;244;commercial;midtown
1246;78;3;4;0;45000;130;residential;north
1247;78;0;0;0;7575;94;commercial;midtown
1248;29;0;1;0;2000;92;commercial;midtown
1249;29;2;1;1;25500;80;residential;north
1250;136;0;4;0;8640;192;commercial;midtown
1251;136;2;1;2;15000;70;residential;north
1252;60;1;1;0;700;30;residential;south
1253;60;3;2;1;3300;100;residential;midtown
1254;56;0;0;0;490;35;commercial;midtown
1255;56;4;6;2;165000;500;residential;north
1256;264;2;2;0;1600;65;residential;midtown
1257;264;2;1;0;1600;48;residential;midtown
1258;47;0;1;1;1600;39;commercial;continental
1259;47;4;4;2;3950;219;residential;midtown
1260;437;4;5;6;120000;437;residential;north
1261;437;4;6;3;25000;321;residential;north
1262;321;0;3;0;7000;244;commercial;midtown
1263;321;3;4;0;45000;130;residential;north
1264;244;0;0;0;7575;94;commercial;midtown
1265;244;0;1;0;2000;92;commercial;midtown
1266;130;2;1;1;25500;80;residential;north
1267;130;0;4;0;8640;192;commercial;midtown
1268;94;2;2;1;2500;58;residential;continental
1269;94;2;1;2;15000;70;residential;north
1270;92;1;1;0;700;30;residential;south
1271;92;3;2;1;3300;100;residential;midtown
1272;80;0;0;0;490;35;commercial;midtown
1273;80;4;6;2;165000;500;residential;north
1274;192;2;2;0;1600;65;residential;midtown
1275;192;0;1;1;1600;39;commercial;continental
1276;58;4;4;2;3950;219;residential;midtown
1277;58;3;2;1;2950;95;residential;midtown
1278;70;0;2;2;4500;62;commercial;midtown
1279;70;0;1;0;1015;41;commercial;midtown
1280;30;0;0;0;4700;122;commercial;continental
1281;30;0;2;4;6900;170;commercial;south
1282;100;4;4;1;75000;130;residential;north
1283;100;7;5;2;90000;500;residential;north
1284;35;4;4;1;3500;110;residential;north
1285;35;0;1;0;2900;37;commercial;midtown
1286;500;0;1;1;1230;29;commercial;continental
1287;500;0;0;1;1900;30;commercial;midtown
1288;65;0;6;2;12000;729;commercial;continental
1289;65;1;2;0;1800;53;residential;midtown
1290;39;3;2;1;5500;158;residential;midtown
1291;39;0;0;1;900;32;commercial;midtown
1292;219;0;1;0;800;25;commercial;midtown
1293;219;0;0;1;9000;368;commercial;midtown
1294;95;0;4;1;7500;1148;commercial;north
1295;95;0;1;0;1500;59;commercial;midtown
1296;729;0;6;2;12000;729;commercial;continental
1297;729;1;2;0;1800;53;residential;midtown
1298;53;3;2;1;5500;158;residential;midtown
1299;53;0;0;1;900;32;commercial;midtown
1300;158;0;1;0;800;25;commercial;midtown
1301;158;0;0;1;9000;368;commercial;midtown
1302;32;0;4;1;7500;1148;commercial;north
1303;32;0;1;0;1500;59;commercial;midtown
1304;25;1;1;0;1900;36;residential;midtown
1305;25;0;1;1;15000;649;commercial;continental
1306;368;0;1;0;1980;60;commercial;continental
1307;368;0;1;1;1300;27;commercial;midtown
1308;1148;0;1;1;1200;43;commercial;continental
1309;1148;1;1;1;10800;50;residential;north
1310;59;2;2;1;2000;67;residential;north
1311;59;0;1;3;6000;115;commercial;continental
1312;36;0;1;0;800;24;commercial;continental
1313;36;0;1;1;2200;45;commercial;continental
1314;649;0;1;0;1300;32;commercial;midtown
1315;649;0;0;0;2800;120;commercial;midtown
1316;60;3;2;2;4200;81;residential;midtown
1317;60;4;4;2;5300;143;residential;midtown
1318;27;2;2;2;16500;107;residential;north
1319;27;4;3;3;5500;237;residential;midtown
1320;43;0;1;0;9800;183;commercial;midtown
1321;43;6;4;2;7800;405;residential;midtown
1322;50;0;1;0;1800;100;commercial;continental
1323;50;5;4;3;36000;400;residential;north
1324;67;3;3;2;2900;167;residential;midtown
1325;67;0;2;0;2900;179;commercial;continental
1326;115;3;2;2;3350;97;residential;continental
1327;115;0;1;0;900;53;commercial;midtown
1328;24;0;4;4;6500;325;commercial;midtown
1329;24;0;1;0;300;36;commercial;midtown
1330;45;0;1;0;500;54;commercial;midtown
1331;45;1;1;0;12000;46;residential;north
1332;51;0;1;0;1100;51;commercial;midtown
1333;51;0;2;2;2800;80;commercial;midtown
1334;80;0;1;0;470;32;commercial;midtown
1336;32;1;1;0;1450;19;residential;continental
1337;32;0;6;7;19000;900;residential;midtown
1338;450;2;2;1;9000;90;residential;north
1339;450;3;4;3;8000;155;residential;midtown
1340;19;3;4;2;51000;140;residential;north
1341;19;0;2;2;3900;77;commercial;continental
1342;900;0;1;2;40000;500;commercial;midtown
1343;900;0;3;0;35000;680;commercial;midtown
1344;90;0;0;2;15000;280;commercial;midtown
1345;90;0;1;1;31200;700;commercial;midtown
1346;155;2;1;1;1700;55;residential;south
1347;155;2;1;1;6000;60;residential;midtown
1348;140;0;0;0;6587;220;commercial;continental
1349;140;1;1;1;980;31;residential;midtown
1350;77;5;5;3;114000;10;residential;north
1351;77;0;1;1;1630;32;commercial;south
1352;500;2;2;2;2850;63;residential;midtown
1353;500;0;1;0;1300;27;commercial;east
1354;680;4;2;2;15000;281;residential;midtown
1355;680;2;2;0;10350;85;residential;north
1356;280;1;1;1;1850;45;residential;midtown
1357;280;1;1;1;5500;61;residential;north
1358;700;5;4;2;45000;10;residential;north
1359;700;2;1;1;1800;78;residential;continental
1360;55;0;1;4;3000;38;commercial;south
1361;55;0;1;0;500;20;commercial;midtown
1362;60;2;4;1;5500;158;residential;midtown
1363;60;2;3;1;3500;150;residential;east
1364;220;4;4;3;54000;230;residential;north
1365;220;2;2;1;21000;60;residential;north
1366;31;0;1;1;1880;45;commercial;south
1367;31;3;4;2;3000;82;residential;midtown
1368;27;0;0;0;2452;27;commercial;midtown
1369;27;0;3;0;12000;260;commercial;east
1370;260;3;2;1;2200;94;residential;continental
1371;260;0;1;0;3800;68;commercial;midtown
1372;94;0;1;0;16000;96;commercial;midtown
1373;94;0;1;8;10000;462;commercial;midtown
1374;68;4;7;6;600000;436;residential;north
1375;68;0;0;0;17817;445;commercial;north
1376;96;0;0;6;34000;238;commercial;midtown
1377;96;0;1;1;7000;462;commercial;midtown
1378;462;0;0;0;1550;52;commercial;north
1379;462;4;4;0;11000;200;residential;south
1380;436;0;0;0;33000;498;commercial;midtown
1381;436;3;2;4;28500;230;residential;north
1382;445;1;1;0;840;36;residential;midtown
1383;445;3;3;6;5500;250;residential;south
1384;238;0;1;1;2650;40;commercial;midtown
1385;238;2;2;1;21150;100;residential;north
1386;462;0;1;0;900;29;commercial;midtown
1387;462;0;1;1;1800;35;commercial;midtown
1388;52;0;1;1;1800;35;commercial;midtown
1389;52;1;1;1;9000;47;residential;north
1390;200;0;9;6;7800;480;commercial;midtown
1391;200;3;4;0;30300;90;residential;north
1392;498;4;5;2;81000;350;residential;north
1393;498;0;2;2;5000;102;commercial;midtown
1394;230;0;1;0;1630;126;commercial;continental
1395;230;2;2;1;1600;40;residential;north
1396;36;0;3;3;6000;440;commercial;continental
1397;36;0;1;0;1350;31;commercial;midtown
1398;250;5;1;3;195000;300;residential;north
1399;250;0;4;1;45000;947;commercial;midtown
1400;40;0;1;0;700;23;commercial;continental
1401;40;6;8;5;27500;596;residential;north
1402;100;2;1;1;12750;100;residential;north
1403;100;0;4;1;7500;1148;commercial;north
1404;90;3;4;0;30300;90;residential;north
1405;90;4;5;2;81000;350;residential;north
1406;350;0;2;2;5000;102;commercial;midtown
1407;350;0;1;0;1630;126;commercial;continental
1408;102;0;1;7;5540;90;commercial;north
1409;102;2;2;1;1600;40;residential;north
1410;126;0;3;3;6000;440;commercial;continental
1411;126;0;1;0;1350;31;commercial;midtown
1412;90;5;1;3;195000;300;residential;north
1413;90;0;4;1;45000;947;commercial;midtown
1414;40;0;1;0;700;23;commercial;continental
1415;40;6;8;5;27500;596;residential;north
1416;440;2;1;1;12750;100;residential;north
1417;440;0;4;1;7500;1148;commercial;north
1418;31;2;1;1;1650;50;residential;south
1419;31;3;3;2;37500;130;residential;north
1420;300;0;1;0;1100;45;commercial;midtown
1421;300;0;0;0;950;51;commercial;midtown
1422;947;4;4;6;10000;250;residential;south
1423;947;0;1;4;11520;384;commercial;midtown
1424;23;0;1;0;1800;63;commercial;midtown
1425;23;0;1;2;10900;182;commercial;midtown
1426;596;3;1;0;3000;130;residential;midtown
1427;596;0;1;0;4500;38;commercial;midtown
1428;100;4;4;3;8500;338;residential;midtown
1429;100;2;3;1;2800;75;residential;midtown
1430;1148;0;0;0;1450;31;commercial;north
1431;1148;3;2;2;3500;81;residential;midtown
1432;50;0;1;1;1350;32;commercial;continental
1433;50;2;1;1;2000;75;residential;continental
1434;130;0;0;0;1100;53;commercial;midtown
1435;130;1;1;0;1490;50;residential;midtown
1436;45;0;1;1;1180;33;commercial;continental
1437;45;3;2;1;3400;119;residential;midtown
1438;51;2;1;1;1430;50;residential;midtown
1439;51;0;1;0;900;36;commercial;midtown
1440;29;0;1;0;900;29;commercial;midtown
1441;29;0;1;1;1800;35;commercial;midtown
1442;35;0;1;1;1800;35;commercial;midtown
1443;35;0;9;6;7800;480;commercial;midtown
1444;35;3;4;0;30300;90;residential;north
1445;35;0;2;2;5000;102;commercial;midtown
1446;480;0;1;0;1630;126;commercial;continental
1447;480;0;1;7;5540;90;commercial;north
1448;90;2;2;1;1600;40;residential;north
1449;90;0;3;3;6000;440;commercial;continental
1450;102;0;1;0;1350;31;commercial;midtown
1451;102;2;1;1;1600;68;residential;midtown
1452;126;0;4;1;45000;947;commercial;midtown
1453;126;0;1;0;700;23;commercial;continental
1454;90;2;1;1;15000;45;residential;north
1455;90;6;8;5;27500;596;residential;north
1456;40;2;1;1;12750;100;residential;north
1457;40;2;1;1;1650;50;residential;south
1458;440;0;1;0;1100;45;commercial;midtown
1459;440;0;0;0;950;51;commercial;midtown
1460;31;0;1;1;4100;62;commercial;midtown
1461;31;3;2;2;5500;105;residential;north
1462;68;4;4;6;10000;250;residential;south
1463;68;0;1;4;11520;384;commercial;midtown
1464;947;0;1;0;1800;63;commercial;midtown
1465;947;0;1;2;10900;182;commercial;midtown
1466;23;3;1;0;3000;130;residential;midtown
1467;23;2;1;1;2260;57;residential;midtown
1468;45;0;1;0;4500;38;commercial;midtown
1469;45;1;1;1;1800;47;residential;midtown
1470;596;4;4;3;8500;338;residential;midtown
1471;596;2;3;1;2800;75;residential;midtown
1472;100;0;0;0;1450;31;commercial;north
1473;100;3;2;2;3500;81;residential;midtown
1474;50;0;1;1;1350;32;commercial;continental
1475;50;4;5;2;45000;130;residential;north
1476;45;0;1;1;1350;45;commercial;continental
1477;45;1;1;1;15600;54;residential;north
1478;54;5;3;2;15000;480;residential;midtown
1479;54;0;3;0;8900;300;commercial;midtown
1480;480;0;0;1;21000;460;commercial;south
1481;480;3;2;1;12000;164;residential;north
1482;300;0;1;1;8000;160;commercial;south
1483;300;3;4;3;4500;253;residential;midtown
1484;460;5;6;8;255000;950;residential;east
1485;460;4;2;0;3500;200;residential;south
1486;164;0;1;0;33400;597;commercial;midtown
1487;164;3;1;1;1900;64;residential;midtown
1488;160;3;2;1;3450;161;residential;north
1489;160;4;6;3;8000;263;residential;midtown
1490;253;0;1;0;1800;107;commercial;continental
1491;253;2;2;2;2400;77;residential;midtown
1492;950;3;2;1;2000;107;residential;continental
1493;950;0;2;1;3800;135;commercial;midtown
1494;200;1;1;1;11400;46;residential;north
1495;200;0;1;0;850;28;commercial;midtown
1496;597;0;4;0;44000;500;commercial;midtown
1497;597;0;1;0;2500;75;commercial;midtown
1498;64;4;3;0;66000;250;residential;north
1499;64;0;1;1;1100;34;commercial;midtown
1500;161;2;2;2;7900;109;residential;midtown
1501;161;0;1;0;1350;31;commercial;midtown
1502;263;2;1;1;4950;60;residential;midtown
1503;263;3;4;2;4300;205;residential;north
1504;107;2;2;1;2200;63;residential;midtown
1505;107;2;1;0;1900;60;residential;midtown
1506;77;3;2;1;2850;81;residential;midtown
1507;77;0;5;9;22000;854;commercial;midtown
1508;107;0;0;0;2400;45;commercial;midtown
1509;107;3;2;2;5500;105;residential;north
1510;135;0;1;0;2200;38;commercial;midtown
1511;135;2;1;1;14700;85;residential;north
1512;53;0;1;1;1800;53;commercial;midtown
1513;53;4;4;2;4490;110;residential;midtown
1514;110;0;7;0;43000;1650;commercial;midtown
1515;110;0;1;2;2550;64;commercial;midtown
1516;1650;1;1;0;680;26;residential;midtown
1517;1650;5;4;2;7800;480;residential;midtown
1518;64;0;1;1;3900;100;commercial;south
1519;64;3;2;0;2700;104;residential;midtown
1520;26;0;2;2;120000;3139;commercial;midtown
1521;26;1;1;0;740;25;residential;midtown
1522;480;3;2;1;4850;140;residential;south
1523;480;0;2;0;5000;154;commercial;midtown
1524;100;0;1;0;3000;46;commercial;midtown
1525;100;0;1;0;1500;60;commercial;midtown
1526;104;0;0;0;2500;80;commercial;midtown
1527;104;0;1;1;55000;1721;commercial;midtown
1528;3139;2;2;1;13500;95;residential;north
1529;3139;0;1;0;6761;67;commercial;midtown
1530;25;1;1;1;1200;55;residential;midtown
1531;25;0;2;0;1800;72;commercial;midtown
1532;140;2;1;1;1650;62;residential;south
1533;140;0;1;0;1300;56;commercial;midtown
1534;154;0;2;2;6190;135;commercial;continental
1535;154;0;2;1;9000;134;commercial;midtown
1536;46;0;1;1;1200;32;commercial;midtown
1537;46;5;5;2;12000;330;residential;continental
1538;60;0;0;1;3852;74;commercial;continental
1539;60;4;7;3;105000;10;residential;north
1540;80;0;1;2;4999;70;commercial;north
1541;80;0;6;9;8000;405;residential;continental
1542;1721;4;6;2;23000;450;residential;north
1543;1721;0;1;1;2500;78;commercial;midtown
1544;95;0;1;0;2200;35;commercial;south
1545;95;0;1;0;990;45;commercial;midtown
1546;67;3;2;2;5500;120;residential;midtown
1547;67;3;2;1;1600;79;residential;continental
1548;62;2;1;1;1650;62;residential;south
1549;62;0;0;0;1000;40;commercial;midtown
1550;40;0;1;0;1300;56;commercial;midtown
1551;40;0;2;2;6190;135;commercial;continental
1552;56;0;2;1;9000;134;commercial;midtown
1553;56;0;1;1;1200;32;commercial;midtown
1554;135;5;5;2;12000;330;residential;continental
1555;135;0;0;1;3852;74;commercial;continental
1556;134;4;7;3;105000;10;residential;north
1557;134;0;1;2;4999;70;commercial;north
1558;32;2;1;0;1340;62;residential;midtown
1559;32;0;6;9;8000;405;residential;continental
1560;330;4;6;2;23000;450;residential;north
1561;330;0;1;1;2500;78;commercial;midtown
1562;74;0;1;0;2200;35;commercial;south
1563;74;0;1;0;990;45;commercial;midtown
1564;10;3;2;2;5500;120;residential;midtown
1565;10;3;2;1;1600;79;residential;continental
1566;70;0;1;0;900;35;commercial;midtown
1567;70;1;1;0;800;22;residential;south
1568;62;0;1;0;2200;40;commercial;midtown
1569;62;0;2;3;6400;153;commercial;midtown
1570;405;0;5;0;12000;520;commercial;midtown
1571;405;5;5;2;150000;500;residential;north
1572;450;0;1;1;2250;47;commercial;midtown
1573;450;0;0;0;19698;328;commercial;midtown
1574;78;1;2;2;2900;90;commercial;midtown
1575;78;1;1;0;1600;46;residential;midtown
1576;35;0;1;1;1500;73;commercial;midtown
1577;35;0;0;0;1000;12;commercial;midtown
1578;45;0;1;1;2100;36;commercial;midtown
1579;45;0;1;0;1500;36;commercial;continental
1580;120;0;1;1;750;29;commercial;continental
1581;120;2;2;1;9000;60;residential;north
1582;79;0;1;1;920;35;commercial;midtown
1583;79;1;2;1;10000;117;residential;north
1584;511;6;5;6;15000;511;residential;south
1585;511;2;2;3;1600;58;residential;north
1586;58;0;1;0;1000;47;commercial;midtown
1587;58;2;2;2;8000;146;residential;midtown
1588;47;3;2;2;3950;92;residential;midtown
1589;47;1;1;1;2100;34;residential;south
1590;146;0;2;2;22500;560;commercial;midtown
1591;146;0;1;1;1300;35;commercial;midtown
1592;92;0;1;0;2200;40;commercial;midtown
1593;92;4;3;2;6000;140;residential;midtown
1594;34;0;0;0;1200;27;commercial;midtown
1595;34;0;1;0;2000;72;commercial;midtown
1596;560;0;2;2;6900;174;residential;continental
1597;560;5;7;5;35000;1200;residential;north
1598;35;3;1;1;1700;80;residential;midtown
1599;35;1;1;1;1550;68;residential;midtown
1600;40;0;0;0;6000;402;commercial;north
1601;40;3;5;1;4400;167;residential;midtown
1602;140;1;1;2;4000;149;residential;south
1603;140;1;1;0;1000;32;residential;continental
1604;27;5;4;0;12000;335;residential;continental
1605;27;0;0;0;4720;52;commercial;midtown
1606;72;4;2;1;45000;295;residential;north
1607;72;0;1;0;1990;72;commercial;midtown
1608;174;3;4;0;5500;158;residential;midtown
1609;174;0;1;0;2340;38;commercial;midtown
1610;1200;4;2;4;15000;600;residential;midtown
1611;1200;1;1;1;1150;43;residential;midtown
1612;80;1;1;0;5400;37;residential;north
1613;80;2;2;1;17400;80;residential;north
1614;68;4;4;3;54000;350;residential;north
1615;68;1;1;1;1200;37;residential;continental
1616;402;3;1;0;8000;162;commercial;continental
1617;402;2;2;1;2760;61;residential;midtown
1618;167;3;2;1;3900;104;residential;continental
1619;167;3;2;1;2300;131;residential;midtown
1620;280;1;1;3;17000;280;residential;midtown
1621;280;0;0;0;1950;51;commercial;midtown
1622;51;0;1;0;800;23;commercial;continental
1623;51;2;1;1;1500;60;residential;north
1624;23;1;1;1;2700;69;residential;continental
1625;23;0;0;0;2200;125;commercial;midtown
1626;60;0;1;0;500;54;commercial;midtown
1627;60;4;3;3;8900;306;commercial;midtown
1628;69;0;2;0;14990;550;commercial;continental
1629;69;4;3;5;8000;168;residential;midtown
1630;125;4;3;5;6000;240;residential;south
1631;125;2;2;1;1950;69;residential;midtown
1632;54;0;1;0;2340;38;commercial;midtown
1633;54;5;8;4;80000;1300;residential;north
1634;306;2;2;1;12000;71;residential;north
1635;306;6;7;2;69000;350;residential;north
1636;550;0;1;1;11800;182;commercial;midtown
1637;550;4;4;0;22950;100;residential;north
1638;168;0;6;6;16000;800;commercial;midtown
1639;168;3;5;8;15000;500;residential;continental
1640;240;0;0;0;1300;25;commercial;continental
1641;240;0;1;0;8400;194;commercial;north
1642;69;1;1;0;900;18;residential;midtown
1643;69;2;2;1;15000;71;residential;north
1644;38;2;1;1;1290;52;residential;north
1645;38;2;2;1;13500;75;residential;north
1646;1300;2;2;1;2500;70;residential;midtown
1647;1300;0;0;0;7500;152;commercial;midtown
1648;71;2;2;1;1950;101;residential;midtown
1649;71;3;2;2;3500;144;residential;midtown
1650;350;2;1;1;1899;82;residential;midtown
1651;350;4;2;3;2950;100;residential;continental
1652;182;2;2;1;18000;90;residential;north
1653;182;0;1;0;2200;45;commercial;continental
1654;100;4;3;2;6500;152;residential;midtown
1655;100;2;2;1;19500;86;residential;north
1656;1300;5;8;4;80000;1300;residential;north
1657;1300;3;3;1;2300;89;residential;midtown
1658;89;2;2;1;12000;71;residential;north
1659;89;6;7;2;69000;350;residential;north
1660;71;0;1;1;11800;182;commercial;midtown
1661;71;4;4;0;22950;100;residential;north
1662;350;0;6;6;16000;800;commercial;midtown
1663;350;0;0;0;1300;25;commercial;continental
1664;182;0;1;0;8400;194;commercial;north
1665;182;1;1;0;900;18;residential;midtown
1666;100;2;2;1;15000;71;residential;north
1667;100;2;1;1;1290;52;residential;north
1668;800;2;2;1;13500;75;residential;north
1669;800;2;2;1;2500;70;residential;midtown
1670;25;4;3;0;66000;250;residential;north
1671;25;0;0;0;7500;152;commercial;midtown
1672;194;5;4;1;60000;250;residential;north
1673;194;2;2;1;1950;101;residential;midtown
1674;18;3;2;2;3500;144;residential;midtown
1675;18;2;1;1;1899;82;residential;midtown
1676;71;4;2;3;2950;100;residential;continental
1677;71;2;2;1;18000;90;residential;north
1678;52;0;1;0;2200;45;commercial;continental
1679;52;4;3;2;6500;152;residential;midtown
1680;75;2;2;1;19500;86;residential;north
1681;75;0;6;6;18000;450;commercial;midtown
1682;70;3;2;2;4100;97;residential;continental
1683;70;0;1;1;2200;54;commercial;midtown
1684;250;0;1;1;7500;135;commercial;midtown
1685;250;8;9;3;48000;1549;residential;continental
1686;152;0;1;0;1950;72;commercial;midtown
1687;152;3;2;1;4680;100;residential;midtown
1688;250;0;1;0;2500;9;commercial;midtown
1689;250;1;1;1;1500;80;residential;continental
1690;101;3;3;1;3100;104;residential;midtown
1691;101;0;1;0;25000;516;commercial;midtown
1692;102;2;1;1;1850;102;residential;midtown
1693;102;2;3;2;3550;95;residential;continental
1694;95;2;2;1;2000;95;residential;midtown
1695;95;0;0;0;1000;25;commercial;midtown
1696;95;2;2;1;2670;80;residential;midtown
1697;95;0;1;1;1200;35;commercial;midtown
1698;25;1;1;1;1790;50;residential;south
1699;25;1;1;0;1790;45;residential;south
1700;80;3;1;1;13500;74;residential;north
1701;80;2;2;1;1600;58;residential;north
1702;35;1;1;1;1990;64;residential;midtown
1703;35;0;1;0;3990;89;commercial;midtown
1704;50;3;5;4;18000;300;residential;south
1706;45;3;2;1;2950;95;residential;midtown
1707;45;3;2;1;2300;92;residential;north
1708;74;2;3;1;19500;90;residential;north
1709;74;3;2;1;1570;80;residential;midtown
1710;58;0;0;0;25000;6060;commercial;continental
1711;58;0;2;1;75000;3149;commercial;midtown
1712;64;1;1;1;6056;76;residential;midtown
1713;64;0;0;1;1200;33;commercial;midtown
1714;89;3;2;2;21600;90;residential;north
1715;89;2;1;1;1800;57;residential;continental
1716;300;0;1;0;5000;46;commercial;south
1717;300;0;0;0;900;20;commercial;midtown
1718;529;3;3;3;8931;240;residential;continental
1719;529;0;1;3;13000;86;commercial;midtown
1720;95;0;0;0;20800;444;commercial;north
1721;95;6;6;4;90000;500;residential;north
1722;92;0;0;0;7000;100;commercial;continental
1723;92;2;2;1;4250;76;residential;midtown
1724;90;4;2;0;7778;324;residential;continental
1725;90;3;4;1;4000;127;residential;midtown
1726;80;3;2;2;20400;120;residential;north
1727;80;8;8;1;240000;300;residential;north
1728;61;1;1;0;1580;61;residential;midtown
1729;61;0;0;0;900;20;commercial;midtown
1730;20;3;3;3;8931;240;residential;continental
1731;20;0;1;3;13000;86;commercial;midtown
1732;240;0;0;0;20800;444;commercial;north
1733;240;1;1;1;2100;47;residential;midtown
1734;86;6;6;4;90000;500;residential;north
1735;86;2;2;1;13500;86;residential;north
1736;444;0;0;0;7000;100;commercial;continental
1737;444;2;2;1;4250;76;residential;midtown
1738;47;4;2;0;7778;324;residential;continental
1739;47;3;4;1;4000;127;residential;midtown
1740;500;3;2;2;20400;120;residential;north
1741;500;8;8;1;240000;300;residential;north
1742;86;4;4;2;39000;150;residential;north
1743;86;1;1;1;650;34;residential;continental
1744;100;1;1;0;1000;28;residential;continental
1745;100;1;1;1;10650;59;residential;north
1746;76;2;2;1;1800;79;residential;north
1747;76;0;1;0;9000;44;commercial;midtown
1748;324;2;2;1;33000;80;residential;north
1749;324;3;3;1;3450;121;residential;midtown
1750;127;1;1;1;950;50;residential;south
1751;127;4;5;6;135000;700;residential;north
1752;120;0;1;1;2000;32;commercial;midtown
1753;120;2;2;1;2500;68;residential;midtown
1754;300;0;1;1;3512;70;commercial;continental
1755;300;1;1;0;1100;25;residential;midtown
1756;150;0;1;0;3338;33;commercial;midtown
1757;150;0;1;1;2490;55;commercial;continental
1758;34;0;0;0;1000;23;commercial;midtown
1759;34;0;1;0;4000;93;commercial;continental
1760;28;0;1;1;1800;60;commercial;continental
1761;28;0;1;0;4138;41;commercial;midtown
1762;59;0;1;0;6042;50;commercial;midtown
1763;59;0;1;0;1330;38;commercial;midtown
1764;102;0;1;0;7500;102;commercial;midtown
1765;102;2;2;1;3150;100;residential;north
1766;100;0;0;0;1700;35;commercial;north
1767;100;0;0;0;7730;85;commercial;midtown
1768;35;0;2;1;6500;64;commercial;midtown
1769;35;2;2;1;15000;86;residential;north
1770;85;1;1;0;790;35;residential;midtown
1771;85;1;1;0;990;35;residential;midtown
1772;64;2;2;1;2450;50;residential;midtown
1773;64;3;4;1;5500;193;residential;midtown
1774;86;0;1;0;480;30;commercial;midtown
1775;86;1;1;0;1450;19;residential;continental
1777;35;2;2;1;2360;67;residential;continental
1778;35;0;0;0;5290;58;commercial;midtown
1779;35;3;1;1;2500;72;residential;south
1780;50;0;1;0;14900;85;commercial;midtown
1781;50;1;1;1;10500;49;residential;north
1782;193;0;2;2;6000;190;commercial;midtown
1783;193;0;0;0;45000;2100;commercial;east
1784;30;0;0;2;7100;93;commercial;midtown
1785;30;1;1;1;12600;50;residential;north
1786;19;0;1;0;3923;39;commercial;midtown
1787;19;0;0;0;6681;139;commercial;north
1788;420;0;1;0;900;35;commercial;midtown
1789;420;0;1;0;900;30;commercial;midtown
1790;67;1;1;0;7500;50;residential;north
1791;67;0;0;0;900;34;commercial;midtown
1792;58;1;1;1;2300;28;residential;continental
1793;58;3;2;2;18000;80;residential;north
1794;72;0;1;0;1100;30;commercial;continental
1795;72;0;3;0;8000;100;commercial;midtown
1796;85;0;0;0;2137;23;commercial;midtown
1797;85;2;2;2;8101;118;residential;midtown
1798;49;2;1;1;2000;73;residential;north
1799;49;0;1;4;49000;1300;commercial;midtown
1800;144;3;2;1;6600;144;residential;midtown
1801;144;5;2;6;60000;200;residential;east
1802;200;0;0;1;2000;70;commercial;continental
1803;200;0;1;0;1300;49;commercial;midtown
1804;70;0;1;0;2270;40;commercial;midtown
1805;70;5;4;3;36000;400;residential;north
1806;49;0;1;1;1000;32;commercial;continental
1807;49;4;2;2;10000;168;residential;north
1808;40;0;1;0;1500;26;commercial;continental
1809;40;2;2;4;19500;10;residential;north
1810;400;2;3;2;6876;94;residential;midtown
1811;400;3;1;1;2500;75;residential;continental
1812;32;3;2;2;4000;81;residential;midtown
1813;32;0;2;0;10971;182;commercial;midtown
1814;168;4;5;2;20000;300;residential;north
1815;168;5;2;4;54000;240;residential;north
1816;26;3;3;0;3000;210;residential;north
1817;26;0;1;0;15000;649;commercial;continental
1818;10;2;2;1;4800;131;residential;midtown
1819;10;0;0;0;3500;133;commercial;continental
1820;94;0;4;0;8640;192;commercial;midtown
1822;75;2;2;1;1650;77;residential;midtown
1823;75;0;4;0;8640;192;commercial;midtown
1824;81;0;1;0;2500;100;commercial;continental
1825;81;4;5;3;14000;239;residential;midtown
1826;182;4;6;4;10000;258;residential;continental
1827;182;6;9;3;180000;600;residential;north
1828;300;2;3;0;18000;80;residential;north
1829;300;4;5;4;90000;450;residential;north
1830;240;1;1;1;10500;46;residential;north
1831;240;0;0;1;230;12;commercial;continental
1832;210;3;4;1;4000;193;residential;midtown
1833;210;3;5;3;90000;286;residential;north
1834;649;0;4;1;15000;761;commercial;continental
1835;649;0;4;7;18900;307;commercial;continental
1836;150;6;4;6;150000;150;residential;north
1837;150;1;1;1;1800;58;residential;midtown
1838;58;2;2;1;3426;67;residential;continental
1839;58;1;1;0;900;30;residential;midtown
1840;67;3;2;1;19500;200;residential;north
1841;67;0;0;0;9000;247;commercial;continental
1842;30;0;0;0;18000;200;commercial;midtown
1843;30;0;0;0;26000;800;commercial;midtown
1844;200;6;3;2;75000;10;residential;north
1845;200;1;1;0;10500;35;residential;north
1846;247;4;6;5;210000;450;residential;north
1847;247;1;1;1;1400;40;residential;north
1848;200;2;1;1;1580;72;residential;midtown
1849;200;1;1;0;1500;52;commercial;midtown
1850;800;0;1;0;600;40;commercial;midtown
1851;800;1;1;0;1600;46;residential;midtown
1852;10;0;2;0;10971;182;commercial;midtown
1853;10;0;0;0;6052;67;commercial;midtown
1854;35;1;2;6;4100;120;commercial;continental
1855;35;3;2;2;4000;120;residential;south
1856;450;3;4;2;6200;280;residential;midtown
1857;450;2;2;1;19500;66;residential;north
1858;40;4;4;2;5340;210;residential;north
1859;40;2;2;1;16500;85;residential;north
1861;72;5;6;4;75000;400;residential;north
1862;52;4;5;5;8800;350;residential;midtown
1863;52;5;4;2;34500;250;residential;north
1864;40;2;1;0;1500;80;residential;midtown
1865;40;0;1;1;1905;36;commercial;midtown
1866;46;2;2;2;2700;72;residential;midtown
1867;46;0;1;0;2000;30;commercial;north
1868;182;2;1;1;4000;68;residential;midtown
1869;182;1;2;0;22000;420;residential;midtown
1870;67;4;4;2;117000;280;residential;north
1871;67;1;4;0;14000;245;residential;midtown
1872;67;0;0;0;6052;67;commercial;midtown
1873;67;1;2;6;4100;120;commercial;continental
1874;120;3;2;2;4000;120;residential;south
1875;120;3;4;2;6200;280;residential;midtown
1876;120;2;2;1;19500;66;residential;north
1877;120;4;4;2;5340;210;residential;north
1878;280;2;2;1;16500;85;residential;north
1880;66;5;6;4;75000;400;residential;north
1881;66;4;5;5;8800;350;residential;midtown
1882;210;5;4;2;34500;250;residential;north
1883;210;2;1;0;1500;80;residential;midtown
1884;85;0;1;1;1905;36;commercial;midtown
1885;85;2;2;2;2700;72;residential;midtown
1886;33;0;1;0;2000;30;commercial;north
1887;33;2;1;1;4000;68;residential;midtown
1888;400;1;2;0;22000;420;residential;midtown
1889;400;4;4;2;117000;280;residential;north
1890;350;1;4;0;14000;245;residential;midtown
1891;350;0;0;0;2500;44;commercial;east
1892;250;3;2;2;18000;124;residential;north
1893;250;0;0;1;300;12;commercial;midtown
1894;80;0;1;0;2000;44;commercial;east
1895;80;0;1;0;850;27;commercial;midtown
1896;36;5;7;4;40000;991;residential;north
1897;36;0;2;0;1950;64;commercial;midtown
1898;72;0;1;0;2000;44;commercial;east
1899;72;3;3;2;5350;189;residential;continental
1900;30;0;1;1;1700;35;commercial;midtown
1901;30;3;1;1;1200;70;residential;continental
1902;68;3;2;1;2000;92;residential;continental
1903;68;0;1;0;2600;80;commercial;midtown
1904;420;3;2;3;4000;160;residential;midtown
1905;420;0;3;0;4000;43;commercial;east
1906;280;0;1;0;25000;516;commercial;midtown
1907;280;3;2;2;3350;104;residential;continental
1908;991;5;7;4;40000;991;residential;north
1909;991;0;2;0;1950;64;commercial;midtown
1910;64;0;1;0;2000;44;commercial;east
1911;64;3;1;1;2700;200;residential;midtown
1912;44;3;3;2;5350;189;residential;continental
1913;44;0;1;1;1700;35;commercial;midtown
1914;200;3;1;1;1200;70;residential;continental
1915;200;3;2;1;2000;92;residential;continental
1916;189;0;1;0;2600;80;commercial;midtown
1917;189;3;2;3;4000;160;residential;midtown
1918;35;0;3;0;4000;43;commercial;east
1919;35;0;1;0;25000;516;commercial;midtown
1920;70;3;2;2;3350;104;residential;continental
1921;70;3;1;1;4500;119;residential;midtown
1922;92;0;1;0;2200;80;commercial;midtown
1923;92;6;4;5;30000;10;residential;north
1924;80;1;2;1;2700;55;residential;continental
1925;80;3;3;1;45000;100;residential;north
1926;160;0;2;1;2500;120;commercial;midtown
1927;160;3;5;3;16000;348;residential;midtown
1928;43;2;2;1;2200;60;residential;north
1929;43;2;2;1;54000;120;residential;north
1930;516;3;3;2;5000;189;residential;midtown
1931;516;0;2;0;6400;153;commercial;midtown
1932;104;0;1;1;3700;80;commercial;continental
1934;119;3;1;1;1950;92;residential;midtown
1935;119;0;0;0;3740;103;commercial;midtown
1936;80;0;1;0;1500;121;commercial;continental
1937;80;0;6;0;9998;138;commercial;midtown
1938;10;1;1;1;1000;53;commercial;midtown
1939;10;0;0;0;12000;950;commercial;midtown
1940;55;2;2;1;18000;75;residential;north
1941;55;3;1;1;2600;120;residential;midtown
1942;100;0;1;1;1500;34;commercial;south
1943;100;8;4;6;15000;520;residential;continental
1944;63;2;1;1;3200;63;residential;south
1945;63;5;4;4;12000;335;residential;continental
1946;335;0;1;1;1030;34;commercial;midtown
1947;335;0;1;0;890;17;commercial;midtown
1948;34;0;2;0;2150;80;commercial;north
1949;34;0;3;3;240000;5000;commercial;midtown
1950;17;1;1;1;1250;60;residential;south
1951;17;1;1;1;1000;30;commercial;midtown
1952;80;3;2;2;10800;166;residential;north
1953;80;1;1;1;7500;40;residential;north
1954;5000;0;1;0;1750;54;commercial;continental
1955;5000;0;0;1;4566;70;commercial;continental
1956;60;0;1;1;990;32;commercial;midtown
1957;60;1;1;0;1600;30;residential;south
1958;30;1;1;0;1450;19;residential;continental
1959;30;4;6;4;240030;250;residential;north
1960;166;3;2;1;3500;104;residential;continental
1961;166;1;1;0;1480;37;residential;midtown
1962;40;0;1;0;1800;30;commercial;midtown
1963;40;0;1;1;1507;25;commercial;continental
1964;54;4;4;6;36000;200;residential;north
1965;54;2;2;2;2490;68;residential;midtown
1966;70;0;1;1;900;33;commercial;midtown
1968;32;3;4;2;150000;300;residential;north
1969;32;0;0;1;300;12;commercial;midtown
1970;30;0;1;0;2500;70;commercial;midtown
1971;30;0;1;1;4200;56;commercial;north
1972;19;0;1;0;490;40;commercial;midtown
1973;19;2;1;1;6000;60;residential;north
1974;250;1;1;1;1800;30;residential;midtown
1975;250;3;1;1;1700;64;residential;midtown
1976;104;0;1;0;1980;60;commercial;continental
1977;104;0;0;1;1340;24;commercial;continental
1978;37;2;1;1;13500;100;residential;north
1979;37;8;4;0;2900;50;commercial;continental
1980;88;2;3;1;2550;88;residential;continental
1981;88;1;1;1;1800;30;residential;midtown
1982;30;3;1;1;1700;64;residential;midtown
1983;30;3;1;1;1950;92;residential;midtown
1984;64;0;1;0;1980;60;commercial;continental
1985;64;0;0;1;1340;24;commercial;continental
1986;92;2;1;1;13500;100;residential;north
1987;92;8;4;0;2900;50;commercial;continental
1988;60;4;4;3;12000;405;residential;midtown
1989;60;0;0;1;2300;349;commercial;continental
1990;24;0;0;0;7100;153;commercial;midtown
1991;24;0;1;1;2500;51;commercial;midtown
1992;100;1;1;0;700;25;commercial;continental
1993;100;1;1;0;2700;37;residential;continental
1994;50;2;2;1;2880;65;residential;midtown
1995;50;0;1;0;690;17;commercial;midtown
1996;405;0;0;0;9574;106;commercial;midtown
1997;405;0;2;0;27000;344;commercial;midtown
1998;349;0;3;0;8000;100;commercial;midtown
1999;349;0;2;3;10000;230;commercial;continental
2000;153;2;2;1;2300;60;residential;midtown
2001;153;0;0;1;1150;40;commercial;continental
2002;51;2;2;1;2800;91;residential;midtown
2003;51;0;2;0;26000;436;commercial;midtown
2004;25;3;3;5;45900;90;residential;north
2005;25;0;0;1;1700;30;commercial;midtown
2006;37;3;3;2;3900;127;residential;midtown
2007;37;0;2;0;4000;252;commercial;continental
2008;65;0;1;0;1750;51;commercial;midtown
2009;65;7;7;4;78000;450;residential;north
2010;17;0;0;1;2000;64;commercial;midtown
2011;17;0;1;1;1000;42;commercial;midtown
2012;106;3;3;2;5300;222;residential;continental
2013;106;0;2;0;39600;496;commercial;midtown
2014;344;3;3;2;39000;203;residential;north
2015;344;2;1;0;1800;75;residential;midtown
2016;349;0;0;1;2300;349;commercial;continental
2017;349;0;0;0;7100;153;commercial;midtown
2018;153;0;1;1;2500;51;commercial;midtown
2019;153;1;1;0;700;25;commercial;continental
2020;51;1;1;0;2700;37;residential;continental
2021;51;2;2;1;2880;65;residential;midtown
2022;25;0;1;0;690;17;commercial;midtown
2023;25;0;0;0;9574;106;commercial;midtown
2024;37;0;2;0;27000;344;commercial;midtown
2025;37;0;3;0;8000;100;commercial;midtown
2026;65;0;2;3;10000;230;commercial;continental
2027;65;2;2;1;2300;60;residential;midtown
2028;17;0;0;1;1150;40;commercial;continental
2029;17;2;2;1;2800;91;residential;midtown
2030;106;0;2;0;26000;436;commercial;midtown
2031;106;3;3;5;45900;90;residential;north
2032;344;0;0;1;1700;30;commercial;midtown
2033;344;3;3;2;3900;127;residential;midtown
2034;100;0;2;0;4000;252;commercial;continental
2035;100;0;1;0;1750;51;commercial;midtown
2036;230;7;7;4;78000;450;residential;north
2037;230;0;0;1;2000;64;commercial;midtown
2038;60;0;1;1;1000;42;commercial;midtown
2039;60;3;3;2;5300;222;residential;continental
2040;40;0;2;0;39600;496;commercial;midtown
2041;40;3;3;2;39000;203;residential;north
2042;91;2;1;0;1800;75;residential;midtown
2043;91;0;0;0;700;27;commercial;continental
2044;436;0;1;1;1300;37;commercial;continental
2045;436;1;6;4;27000;667;commercial;midtown
2046;90;1;1;0;12000;60;residential;north
2047;90;0;0;2;4500;55;commercial;midtown
2048;30;3;2;1;15000;90;residential;north
2049;30;0;1;0;4100;80;commercial;continental
2050;127;4;5;2;4200;166;residential;midtown
2051;127;0;0;1;200;24;commercial;continental
2052;50;0;0;2;2900;50;commercial;north
2053;50;3;2;1;2200;100;residential;midtown
2054;100;2;2;2;2400;65;residential;continental
2055;100;2;2;1;9000;85;residential;north
2056;65;0;3;4;240000;5186;commercial;midtown
2057;65;1;1;1;2800;48;commercial;midtown
2058;85;0;3;0;28000;350;commercial;midtown
2059;85;2;2;1;2500;83;residential;continental
2060;5186;0;1;1;3848;64;commercial;continental
2061;5186;1;1;1;1350;58;residential;midtown
2062;48;0;1;1;4169;64;commercial;continental
2064;350;4;6;2;114000;250;residential;north
2065;350;0;1;1;1200;65;commercial;continental
2066;83;0;1;1;1300;29;commercial;continental
2067;83;0;7;9;27800;452;commercial;midtown
2068;64;3;2;0;2800;90;residential;midtown
2069;64;2;2;1;3900;73;residential;midtown
2070;58;4;5;2;180000;500;residential;north
2071;58;0;0;1;300;12;commercial;midtown
2072;64;2;3;2;3000;80;residential;continental
2073;64;4;5;4;12000;320;residential;east
2074;35;3;3;1;2800;81;residential;continental
2075;35;1;1;0;1000;32;residential;continental
2076;250;0;1;1;1149;30;commercial;midtown
2077;250;0;1;0;990;27;commercial;continental
2078;65;0;2;0;2000;69;commercial;midtown
2079;65;6;7;2;90000;400;residential;north
2080;29;3;2;1;2900;94;residential;midtown
2081;29;0;1;1;4566;70;commercial;continental
2082;452;0;2;5;220000;3645;commercial;midtown
2083;452;4;3;1;6900;140;residential;south
2084;90;0;0;1;1500;65;commercial;continental
2085;90;0;1;4;9800;234;commercial;continental
2086;73;3;2;1;2650;154;residential;continental
2087;73;0;6;1;25000;1010;commercial;continental
2088;105;0;2;0;2500;105;commercial;midtown
2089;105;2;2;1;18000;78;residential;north
2090;78;0;1;1;1900;71;commercial;midtown
2091;78;0;1;1;1090;25;commercial;continental
2092;71;0;2;2;14500;213;commercial;midtown
2093;71;0;1;0;1780;85;commercial;midtown
2094;25;0;1;0;10000;686;commercial;midtown
2095;25;2;2;1;14550;70;residential;north
2096;213;1;3;4;5000;278;commercial;midtown
2097;213;0;1;1;4566;70;commercial;continental
2098;85;2;1;1;13500;62;residential;north
2099;85;4;6;6;18000;430;residential;north
2100;686;2;2;2;2800;68;residential;midtown
2101;686;5;6;2;300000;150;residential;north
2102;70;1;1;0;10500;55;residential;north
2103;70;0;1;1;1632;33;commercial;continental
2104;278;0;1;0;8000;110;commercial;midtown
2105;278;2;2;1;15000;90;residential;north
2106;70;0;1;0;600;34;commercial;continental
2107;70;0;0;0;5200;306;commercial;midtown
2108;62;0;2;0;6400;153;commercial;midtown
2109;62;0;3;4;19422;202;commercial;midtown
2110;430;1;1;0;1800;21;residential;continental
2111;430;0;2;0;3500;150;commercial;midtown
2112;68;0;1;0;3923;39;commercial;midtown
2113;68;4;5;2;60000;350;residential;north
2114;150;3;3;1;14100;94;residential;north
2115;150;2;2;1;2800;69;residential;midtown
2116;55;2;2;1;1850;75;residential;continental
2117;55;3;2;2;6500;93;residential;north
2118;33;0;1;0;4662;62;commercial;midtown
2119;33;0;2;0;22500;560;commercial;midtown
2120;110;0;1;0;30412;405;commercial;midtown
2121;110;1;1;1;7500;35;residential;north
2122;90;0;1;0;9175;122;commercial;midtown
2123;90;2;1;1;1600;65;residential;south
2124;462;0;8;0;3000;462;commercial;continental
2125;462;0;4;8;22000;1009;commercial;continental
2126;1009;0;2;2;4000;71;commercial;continental
2127;1009;2;2;2;18000;75;residential;north
2128;71;2;2;1;9000;70;residential;north
2129;71;3;3;3;2500;150;residential;south
2130;75;3;2;2;2950;89;residential;midtown
2131;75;1;1;0;1100;30;residential;continental
2132;70;0;2;1;6400;153;commercial;midtown
2133;70;2;1;1;1900;36;residential;continental
2134;150;0;1;1;1900;60;commercial;midtown
2135;150;8;1;1;300000;700;residential;north
2136;89;0;0;1;5000;120;commercial;midtown
2137;89;1;1;0;1100;30;residential;continental
2138;30;0;1;1;2197;40;commercial;continental
2139;30;0;0;1;950;50;commercial;continental
2140;153;0;1;0;8036;107;commercial;midtown
2141;153;3;3;2;66000;100;residential;north
2142;36;0;1;1;1280;31;commercial;midtown
2143;36;0;2;2;12000;100;commercial;midtown
2144;60;0;1;0;388650;51;commercial;midtown
2145;60;0;0;1;4169;64;commercial;continental
2146;700;0;1;0;10900;183;commercial;midtown
2147;700;3;4;1;5500;160;residential;midtown
2148;120;3;3;3;8000;103;residential;continental
2149;120;0;2;0;35168;183;commercial;midtown
2150;30;0;2;0;10900;183;commercial;midtown
2151;30;3;3;2;9950;300;residential;midtown
2152;40;2;2;2;2700;78;residential;midtown
2153;40;1;1;1;10800;59;residential;north
2154;50;3;2;1;2500;88;residential;continental
2155;50;1;1;1;9000;48;residential;north
2156;107;0;0;0;17800;445;commercial;north
2157;107;0;3;8;7800;174;commercial;midtown
2158;100;0;1;0;1100;37;commercial;midtown
2159;100;7;1;6;66000;1100;residential;north
2160;59;1;1;1;10800;59;residential;north
2161;59;3;2;1;2500;88;residential;continental
2162;88;1;1;1;9000;48;residential;north
2163;88;0;0;0;17800;445;commercial;north
2164;48;0;3;8;7800;174;commercial;midtown
2165;48;4;6;5;81000;300;residential;north
2166;445;0;1;0;1100;37;commercial;midtown
2167;445;7;1;6;66000;1100;residential;north
2168;174;0;1;1;1300;38;commercial;continental
2169;174;0;0;1;3807;73;commercial;continental
2170;300;3;1;3;2000;195;residential;continental
2171;300;0;2;0;6400;153;commercial;midtown
2172;37;0;2;0;1600;39;commercial;continental
2173;37;3;3;7;15000;600;residential;continental
2174;1100;3;2;2;21000;120;residential;north
2175;1100;3;2;2;2800;93;residential;midtown
2176;38;0;1;1;1340;24;commercial;continental
2177;38;2;1;1;1750;59;residential;midtown
2178;73;2;2;1;13500;80;residential;north
2179;73;3;2;1;19500;78;residential;north
2180;195;2;1;1;1600;54;residential;south
2181;195;2;1;0;1500;68;residential;continental
2182;153;0;1;1;1382;25;commercial;continental
2183;153;0;0;0;1800;45;commercial;continental
2184;39;2;2;3;5500;165;residential;midtown
2185;39;0;4;0;8500;270;commercial;midtown
2186;600;1;2;1;1700;49;residential;continental
2187;600;0;1;1;1524;28;commercial;continental
2188;120;0;2;1;7490;173;commercial;midtown
2189;120;2;1;1;1600;48;residential;south
2190;93;0;1;0;2000;80;commercial;midtown
2191;93;0;4;3;2030;148;commercial;midtown
2192;24;2;2;1;1950;69;residential;continental
2193;24;0;1;1;3000;55;commercial;continental
2194;59;0;2;0;14760;615;commercial;continental
2195;59;2;3;1;11400;83;residential;north
2196;650;5;7;6;270000;650;residential;north
2197;650;0;1;1;2364;27;commercial;midtown
2198;27;3;3;1;3200;98;residential;midtown
2199;27;1;1;0;1150;40;residential;midtown
2200;98;0;0;1;1725;35;commercial;continental
2201;98;0;1;1;1100;36;commercial;continental
2202;40;0;0;0;700;3;commercial;midtown
2203;40;1;1;0;900;18;residential;midtown
2204;35;1;1;0;1300;53;residential;midtown
2205;35;0;2;0;4200;137;commercial;midtown
2206;36;5;5;4;90000;300;residential;north
2207;36;0;2;3;5500;138;commercial;midtown
2208;3;0;1;1;5500;93;commercial;midtown
2209;3;2;3;2;19500;90;residential;north
2210;18;2;1;1;1900;70;residential;south
2211;18;0;3;4;24960;520;commercial;north
2212;53;0;0;2;6500;200;commercial;midtown
2213;53;4;6;4;40000;1000;residential;north
2214;137;0;1;1;1725;35;commercial;continental
2215;137;0;1;1;4800;83;commercial;midtown
2216;300;6;2;3;6900;303;residential;midtown
2217;300;2;3;2;18000;90;residential;north
2218;138;5;3;3;5500;150;commercial;midtown
2219;138;2;2;1;2600;63;residential;midtown
2220;93;0;3;0;9000;231;commercial;midtown
2221;93;0;4;2;15900;208;commercial;midtown
2222;90;2;2;2;2490;68;residential;midtown
2223;90;0;1;1;4500;77;commercial;midtown
2224;70;3;2;1;2400;85;residential;midtown
2225;70;4;3;2;12000;180;residential;north
2226;520;0;3;0;5300;132;commercial;continental
2227;520;5;6;3;40000;550;residential;north
2228;200;0;1;0;1100;25;commercial;continental
2229;200;2;2;1;2800;69;residential;midtown
2230;1000;0;1;1;2890;83;commercial;midtown
2231;1000;4;5;3;135000;342;residential;north
2232;153;0;2;0;6400;153;commercial;midtown
2233;153;3;1;1;2800;81;residential;midtown
2234;81;2;1;1;1900;65;residential;continental
2235;81;0;1;0;490;35;commercial;midtown
2236;65;3;4;3;5000;140;residential;continental
2237;65;0;0;1;1200;37;commercial;continental
2238;35;1;1;0;1800;21;residential;continental
2239;35;1;1;1;2400;46;residential;south
2240;140;3;2;2;4200;200;residential;midtown
2241;140;1;1;0;15000;40;residential;north
2242;37;0;0;0;22000;470;commercial;midtown
2243;37;0;2;3;9500;120;commercial;continental
2244;21;0;1;1;2500;64;commercial;midtown
2245;21;0;1;1;2500;56;commercial;midtown
2246;46;2;2;1;2850;65;residential;midtown
2247;46;2;1;1;2000;70;residential;midtown
2248;200;1;1;0;6000;35;residential;north
2249;200;0;1;0;700;30;commercial;midtown
2250;40;2;2;1;9000;63;residential;north
2251;40;1;1;1;1013;30;residential;north
2252;470;2;1;0;1200;35;residential;midtown
2253;470;0;1;1;1590;50;commercial;continental
2254;120;2;1;1;1100;50;residential;continental
2255;120;4;2;3;5500;143;residential;midtown
2256;64;0;1;1;1500;30;commercial;continental
2257;64;0;1;1;1190;45;residential;continental
2258;56;0;0;1;2000;47;commercial;midtown
2259;56;4;2;0;4500;150;commercial;midtown
2260;65;4;2;2;39000;150;residential;south
2261;65;0;1;1;95000;1743;commercial;midtown
2262;70;0;2;0;6490;120;commercial;midtown
2263;70;1;1;1;1900;47;residential;north
2264;35;4;5;2;90000;380;residential;north
2265;35;2;1;1;12600;68;residential;north
2266;30;1;1;1;7800;57;residential;north
2267;30;0;2;0;10000;288;commercial;midtown
